query_id,query_type,query_text,query_image_path,product_id,title,product_type,color,material,relevance,reason
q001,text,"gray fabric sofa for a small living room, not leather",,B086B5MRFB|amazon.in,Solimo - 3 Seater Sofa Cum Bed with Storage,SOFA,Grey,Fabric,2,Matches a gray-toned non-leather sofa/loveseat and is suitably compact for a smaller living room.
q001,text,"gray fabric sofa for a small living room, not leather",,B07B4MRLT8|amazon.com,"Amazon Brand – Stone & Beam Bartow Living Room Sectional Sofa Couch with Slipcover, 95.5""W, Grey",FURNITURE_COVER,Grey,stone,1,"Relevant gray/neutral non-leather seating, but its large sofa/sectional size is unsuitable for a small living room."
q001,text,"gray fabric sofa for a small living room, not leather",,B07QJXW4JR|amazon.com,"Amazon Brand – Stone & Beam Elizabeth Contemporary Loveseat Sofa, 65""W, Light Grey",SOFA,Flax,,2,Matches a gray-toned non-leather sofa/loveseat and is suitably compact for a smaller living room.
q001,text,"gray fabric sofa for a small living room, not leather",,B07B4D88DY|amazon.com,"Amazon Brand – Rivet Edgewest Low Back Modern Right Chaise Sofa Sectional, 115""W, Charcoal Grey",SOFA,Charcoal Grey,Metal,1,"Relevant gray/neutral non-leather seating, but its large sofa/sectional size is unsuitable for a small living room."
q001,text,"gray fabric sofa for a small living room, not leather",,B07K2JGTDN|amazon.com,"Rivet Marble (Light Grey) Swatch, Rivet",SOFA,Marble (Light Grey),,0,"This is only a material/color swatch, not a usable sofa."
q001,text,"gray fabric sofa for a small living room, not leather",,B073G8Q656|amazon.com,"Amazon Brand – Stone & Beam Carrigan Modern Sofa Couch with Slipcover, 88.5""W, Grey Taupe",FURNITURE_COVER,Grey Taupe,hardwood and laminate wood with 100% cotton,1,"Relevant gray/neutral non-leather seating, but its large sofa/sectional size is unsuitable for a small living room."
q001,text,"gray fabric sofa for a small living room, not leather",,B07BWJCVR2|amazon.com,"Amazon Brand – Stone & Beam Carrigan Modern Chaise Sofa Couch with Slipcover, 95""W, Grey Taupe",FURNITURE_COVER,Grey Taupe,stone,1,"Relevant gray/neutral non-leather seating, but its large sofa/sectional size is unsuitable for a small living room."
q001,text,"gray fabric sofa for a small living room, not leather",,B07DVSTWJY|amazon.ca,Ravenna Home Darian Oversized Pillow Faux Leather Sofa,HOME_FURNITURE_AND_DECOR,,,0,"It is leather or faux leather, violating the explicit not-leather constraint."
q001,text,"gray fabric sofa for a small living room, not leather",,B07HPNBTHF|amazon.co.uk,"Amazon Brand - Alkove Porto Hand-Crafted Leather Sofa, 3 Seater, 97 x 210 x 90cm, Mineral",SOFA,Beige,Leather,0,"It is leather or faux leather, violating the explicit not-leather constraint."
q001,text,"gray fabric sofa for a small living room, not leather",,B07QFP4M7W|amazon.com,"Stone & Beam Abigail Sofa Couch, 86""W, Golden Brown",SOFA,Golden Brown,,1,"It is sofa seating, but the Golden Brown color does not satisfy the requested gray color."
q001,text,"gray fabric sofa for a small living room, not leather",,B0723H8HJY|amazon.com,"Amazon Brand – Stone & Beam Kristin Performance Fabric Sectional Sofa Couch, 93""W, Stone",SOFA,Stone,Wood frame; Polyester/nylon,1,"Relevant gray/neutral non-leather seating, but its large sofa/sectional size is unsuitable for a small living room."
q001,text,"gray fabric sofa for a small living room, not leather",,B07PBJ67Y5|amazon.com,"Stone Swatch, Stone & Beam 25020102-06",SWATCH,Stone,,0,"This is only a material/color swatch, not a usable sofa."
q001,text,"gray fabric sofa for a small living room, not leather",,B07PC11RS2|amazon.com,"Amazon Brand – Stone & Beam Leila Tufted Leather Loveseat Sofa Couch, 69""W, Saddle",SOFA,Saddle,Leather,0,"It is leather or faux leather, violating the explicit not-leather constraint."
q001,text,"gray fabric sofa for a small living room, not leather",,B07WG2MHC7|amazon.in,Amazon Brand - Solimo Buda Fabric 1 seater Sofa (Blue),FURNITURE,BLUE,Wood,0,"This is a FURNITURE, not a gray fabric sofa for the living room."
q001,text,"gray fabric sofa for a small living room, not leather",,B07HZ57QKK|amazon.com,"Amazon Brand – Stone & Beam Kristin Loveseat, 76""W, Indigo",SOFA,Navy,stone,1,"It is sofa seating, but the Navy color does not satisfy the requested gray color."
q001,text,"gray fabric sofa for a small living room, not leather",,B072PZJZXW|amazon.com,"Amazon Brand – Rivet Emerly Modern Loveseat Sofa, 63""W, Pewter",SOFA,Pewter,"Velvet, Hardwood frame, Metal legs",2,Matches a gray-toned non-leather sofa/loveseat and is suitably compact for a smaller living room.
q001,text,"gray fabric sofa for a small living room, not leather",,B07B4D4964|amazon.com,"Amazon Brand – Stone & Beam Andover Modern Right Chaise Sofa Sectional, 126""W, Pewter",SOFA,Pewter,pewter,1,"Relevant gray/neutral non-leather seating, but its large sofa/sectional size is unsuitable for a small living room."
q001,text,"gray fabric sofa for a small living room, not leather",,B07YKWRV89|amazon.in,"Stone & Beam Faraday Down-Filled Ottoman, 33"" W, Light Grey (Renewed)",HOME_FURNITURE_AND_DECOR,Light Grey,,0,"This is a HOME_FURNITURE_AND_DECOR, not a gray fabric sofa for the living room."
q001,text,"gray fabric sofa for a small living room, not leather",,B07QHYD61X|amazon.com,"Amazon Brand – Stone & Beam Faraday Down-Filled Casual Loveseat, 75""W, Charcoal",SOFA,Charcoal,Cotton,2,Matches a gray-toned non-leather sofa/loveseat and is suitably compact for a smaller living room.
q001,text,"gray fabric sofa for a small living room, not leather",,B07QDL4228|amazon.com,"Amazon Brand – Stone & Beam Elizabeth Contemporary Loveseat Sofa, 65""W, Blue",SOFA,Cadet,,1,"It is sofa seating, but the Cadet color does not satisfy the requested gray color."
q002,text,modern wooden coffee table with storage,,B07DBF3VJY|amazon.com,"Amazon Brand – Ravenna Home Angela Modern Turned Leg Wood Shelf Storage Coffee Table, 44""W, White",TABLE,White,wood,2,"Wooden coffee table with an integrated lower shelf, providing the requested storage."
q002,text,modern wooden coffee table with storage,,B07K7NNS6N|amazon.co.uk,"Amazon Brand - Alkove Hayes Solid Wood 1-Shelf Coffee Table with Glass Table Top, 100 x 60 x 48cm, Glass/Wild Oak",TABLE,Wild Oak,Oak,2,"Wooden coffee table with an integrated lower shelf, providing the requested storage."
q002,text,modern wooden coffee table with storage,,B07J1YW3YT|amazon.com,"AmazonBasics Lift-Top Storage Coffee Table, Natural",TABLE,Natural,Wood,2,Wooden lift-top coffee table with built-in storage; directly satisfies the request.
q002,text,modern wooden coffee table with storage,,B07QC861L7|amazon.com,"Amazon Brand – Rivet Campbell Mid-Century Coffee Table with Tapered Legs, 47""W, Pale Wood and White",TABLE,Walnut/White,Engineered Wood,2,"Modern wooden coffee table with visible drawer, door, or open storage."
q002,text,modern wooden coffee table with storage,,B07SSCJKLN|amazon.in,Amazon Brand - Solimo Angel Engineered Wood Coffee Table (Espresso Finish),TABLE,Espresso,Engineered Wood,1,"Correct wooden coffee-table category, but no built-in storage is shown or confirmed."
q002,text,modern wooden coffee table with storage,,B07K7K4CM2|amazon.co.uk,"Amazon Brand - Alkove Hayes Solid Wood 1-Shelf Coffee Table with Glass Table Top, 100 x 65 x 44cm, Glass/Wild Oak",TABLE,Wild Oak,Oak,2,"Wooden coffee table with an integrated lower shelf, providing the requested storage."
q002,text,modern wooden coffee table with storage,,B085W6GGN5|amazon.in,Amazon Brand - Solimo Andro Solid Sheesham Wood Coffee Table with 4 Stools (Mahogany Finish),FURNITURE,Mahogany Finish,Sheesham Wood,1,"Correct wooden coffee-table category, but no built-in storage is shown or confirmed."
q002,text,modern wooden coffee table with storage,,B07GF51SLB|amazon.co.uk,"Amazon Brand - Rivet Rectangular Coffee Table with 1-Shelf, 120 x 65 x 35cm, MDF with Walnut Veneer/Black Metal Frame",TABLE,Walnut/Black Metal Frame,"MDF with walnut veneer, powder coated metal",2,"Wooden coffee table with an integrated lower shelf, providing the requested storage."
q002,text,modern wooden coffee table with storage,,B07QJLWJJM|amazon.ca,"Stone & Beam Kensington Coffee Table with Chevron Design, 56"" W, Acacia",TABLE,Walnut/Black,,1,"Correct wooden coffee-table category, but no built-in storage is shown or confirmed."
q002,text,modern wooden coffee table with storage,,B07QC85YG7|amazon.com,"Amazon Brand – Stone & Beam Industrial Solid Mango Wood Coffee Table with Trestle-Style Base, 52""W, Honey Finish",TABLE,Natural,Stone,1,"Correct wooden coffee-table category, but no built-in storage is shown or confirmed."
q002,text,modern wooden coffee table with storage,,B07GFG6JMM|amazon.co.uk,"Amazon Brand - Movian Adour Oval Coffee Table, 55 x 110 x 39cm, Light Brown Oak-Effect",CLOTHES_RACK,Oak,Wood,1,"Correct wooden coffee-table category, but no built-in storage is shown or confirmed."
q002,text,modern wooden coffee table with storage,,B075Z8KXW7|amazon.com,"Amazon Brand – Stone & Beam Coastal Breeze Rustic Farmhouse Coffee Table, 55.1""W, Natural and White",TABLE,White & Wood,wood,1,"It is a wooden coffee table, but the rustic design and lack of storage only partially match."
q002,text,modern wooden coffee table with storage,,B07RMYYLWY|amazon.co.uk,"AmazonBasics - Coffee Table with 1-Sliding Door, 110 x 55 x 40 cm, Brown/Black",TABLE,Brown,Wood,2,"Modern wooden coffee table with visible drawer, door, or open storage."
q002,text,modern wooden coffee table with storage,,B072ZK887F|amazon.com,"Amazon Brand – Rivet Meeks Round Side Table with Fabric Storage Basket, 24""H, Walnut and Grey",TABLE,Grey,Metal,1,"Provides storage and wood styling, but it is a side table rather than a coffee table."
q002,text,modern wooden coffee table with storage,,B07176PVBX|amazon.com,Stone & Beam Coffee Tables,TABLE,,,2,"Wooden coffee table with an integrated lower shelf, providing the requested storage."
q002,text,modern wooden coffee table with storage,,B07B77VXN8|amazon.com,"Amazon Brand – Rivet Modern Wood Buffet Bar Cabinet Credenza with Gold Accents, 35 Inch Height, Brown",CABINET,Brown,Hardwoods/ Metal,0,"This is a CABINET, not a coffee table."
q002,text,modern wooden coffee table with storage,,B07DB92DKW|amazon.com,"Amazon Brand – Ravenna Home Aubree Mid-Century Modern Shelf Storage Side Table, 23.6""W, Grey pine",TABLE,Grey Pine,metal,1,"Provides storage and wood styling, but it is a side table rather than a coffee table."
q002,text,modern wooden coffee table with storage,,B07RP1N7YQ|amazon.co.uk,"AmazonBasics Beside Table with Open Storage Compartment, 45 x 37 x 47 cm, Black",TABLE,Brown,Wood,0,"This is a TABLE, not a coffee table."
q002,text,modern wooden coffee table with storage,,B07B7B8KNR|amazon.com,"Amazon Brand – Stone & Beam Reclaimed Wood Ladder-Rung Counter-Height Dining Table Bar, 36""H x 44""L, Fir",TABLE,Brown,stone,0,"This is a TABLE, not a coffee table."
q002,text,modern wooden coffee table with storage,,B07B813LW1|amazon.com,"Amazon Brand – Rivet Mid-Century Modern Industrial Metal Buffet Credenza, 28 Inch Height, Beige, Wood",CABINET,Beige,Iron,0,"This is a CABINET, not a coffee table."
q003,text,"black office chair with armrests, not a dining chair",,B07SSHYD2Z|amazon.co.uk,"AmazonBasics Swivel Office Chair with Medium Back and Armrest, Mesh Back, Black",HOME_FURNITURE_AND_DECOR,,,2,Black office chair with armrests and rolling/swivel office-chair construction; directly matches.
q003,text,"black office chair with armrests, not a dining chair",,B081HX9SRM|amazon.co.uk,"UMI. by Amazon - Ergonomic office chair, Breathable High-Back Mesh Desk Chair with Adjustable Lumbar Support, 3D Armrests, Tilt Function and 360° Rotating Wheels",ACCESSORY_OR_PART_OR_SUPPLY,Black,Alloy Steel,2,Black office chair with armrests and rolling/swivel office-chair construction; directly matches.
q003,text,"black office chair with armrests, not a dining chair",,B081HWKWN6|amazon.co.uk,"UMI. by Amazon - Ergonomic office chair, Swivelling Mesh Computer Chair with Adjustable Lumbar Support and PU Armrests, Breathable Mesh Back and Padded Seat, 150 kg Max Load",ACCESSORY_OR_PART_OR_SUPPLY,Black,Alloy Steel,2,Black office chair with armrests and rolling/swivel office-chair construction; directly matches.
q003,text,"black office chair with armrests, not a dining chair",,B07QLGRVPN|amazon.in,AmazonBasics Mid-Back Black Mesh Chair (Renewed),CHAIR,Black,Plastic,2,Black office chair with armrests and rolling/swivel office-chair construction; directly matches.
q003,text,"black office chair with armrests, not a dining chair",,B07HMPPZRN|amazon.com,"AmazonBasics Foldable Rocking Chair, Black",CHAIR,Black,Steel,0,"This is a CHAIR, not the requested office chair."
q003,text,"black office chair with armrests, not a dining chair",,B07R41343J|amazon.co.uk,UMI by Amazon 2 PCS Stretch Dining Chair Covers Melange Velvet Removable Chair Protector Elastic Slipcovers Black,FURNITURE_COVER,Black,Velvet,0,"This is dining seating or a dining-chair accessory, violating the explicit not-dining-chair constraint."
q003,text,"black office chair with armrests, not a dining chair",,B083739MDS|amazon.com,"AmazonBasics Pneumatic Shop Stool, Garage Seat with 300 lb Capacity - Black (Renewed)",AUTO_ACCESSORY,black,vinyl,0,"This is a AUTO_ACCESSORY, not the requested office chair."
q003,text,"black office chair with armrests, not a dining chair",,B07MBFDQLY|amazon.com,"Amazon Brand – Ravenna Home Modern Dining Chair, 36 Inch Height, White, Set of 2",STOOL_SEATING,,,0,"This is dining seating or a dining-chair accessory, violating the explicit not-dining-chair constraint."
q003,text,"black office chair with armrests, not a dining chair",,B075Z6S94K|amazon.com,"Amazon Brand – Rivet Mid-Century Swope Curved Arm Swivel Office Chair, 26""W, Aqua",CHAIR,Teal,polyester/ Metal,1,"Office-chair function is relevant, but the Teal color does not meet the black requirement."
q003,text,"black office chair with armrests, not a dining chair",,B084W339RK|amazon.com,"Amazon Brand – Stone & Beam Vivianne Modern Upholstered Dining Chair with Casters, 24.4""W, Slate",CHAIR,Slate,,0,"This is dining seating or a dining-chair accessory, violating the explicit not-dining-chair constraint."
q003,text,"black office chair with armrests, not a dining chair",,B07B83KVGK|amazon.com,"Amazon Brand – Rivet Mid-Century Modern Wood Dining Chair, 30""H, Natural",CHAIR,Natural,Wood,0,"This is dining seating or a dining-chair accessory, violating the explicit not-dining-chair constraint."
q003,text,"black office chair with armrests, not a dining chair",,B0792JGRNS|amazon.ca,Rivet Parks Mid-Century Modern Wingback Leather Chair,HOME_FURNITURE_AND_DECOR,,,0,"This is a HOME_FURNITURE_AND_DECOR, not the requested office chair."
q003,text,"black office chair with armrests, not a dining chair",,B082JJJKT3|amazon.com,"Amazon Brand – Stone & Beam Modern Home Office Writing Desk with Recessed Metal Handles, 48""W, Black",DESK,Black,Engineered Wood,0,"This is a DESK, not the requested office chair."
q003,text,"black office chair with armrests, not a dining chair",,B07QYB14F4|amazon.ca,AmazonBasics Low-Back Computer Task/Desk Chair with Swivel Casters - Red (Renewed),CHAIR,Red,mesh,1,"Office-chair function is relevant, but the Red color does not meet the black requirement."
q003,text,"black office chair with armrests, not a dining chair",,B084S1DM72|amazon.com,"Amazon Brand – Stone & Beam Bergen Upholstered Dining Chair with Wood Legs, Set of 2, 20""W, Gray",CHAIR,Grey,,0,"This is dining seating or a dining-chair accessory, violating the explicit not-dining-chair constraint."
q003,text,"black office chair with armrests, not a dining chair",,B07F95756L|amazon.com.au,AmazonBasics Foot Rest - Black (Renewed),OFFICE_PRODUCTS,Black,,0,"This is a OFFICE_PRODUCTS, not the requested office chair."
q003,text,"black office chair with armrests, not a dining chair",,B01DN8TG46|amazon.co.uk,AmazonBasics Foot Rest - Black,OFFICE_PRODUCTS,Black,,0,"This is a OFFICE_PRODUCTS, not the requested office chair."
q003,text,"black office chair with armrests, not a dining chair",,B07HSKB7B4|amazon.com,"Amazon Brand – Stone & Beam Wickstrom Upholstered Dining Chair with Arms, 26""W, Slate Grey",STOOL_SEATING,Slate Gray,,0,"This is dining seating or a dining-chair accessory, violating the explicit not-dining-chair constraint."
q003,text,"black office chair with armrests, not a dining chair",,B075X4YDCR|amazon.com,"Amazon Brand – Stone & Beam St. Cloud Modern Armless Accent Chair, 32""W, Bear",CHAIR,Bear,stone,0,"This is a CHAIR, not the requested office chair."
q003,text,"black office chair with armrests, not a dining chair",,B07T4BMN8Z|amazon.co.uk,AmazonBasics Memory Foam Lumbar Support Pillow - Black,BODY_POSITIONER,Black,,0,"This is a BODY_POSITIONER, not the requested office chair."
q004,text,white bookshelf for a bedroom,,B07PPNNCM2|amazon.com,"AmazonBasics Modern 5-Tier Ladder Bookshelf Organizer with Solid Rubber Wood Frame, White",SHELF,White,Wood,2,White freestanding bookshelf/bookcase suitable for bedroom storage and display.
q004,text,white bookshelf for a bedroom,,B075ZF4S39|amazon.com,"Amazon Brand – Stone & Beam Barrett Reclaimed Wood 4-Shelf Bookcase, 40""W, White and Sandstone Pine",SHELF,White/Brown,wood,2,White freestanding bookshelf/bookcase suitable for bedroom storage and display.
q004,text,white bookshelf for a bedroom,,B07P65599S|amazon.com,"AmazonBasics Functional Bookcase Storage Headboard - Queen, White",HEADBOARD,White,Wood,2,White bookcase-style headboard specifically intended for bedroom use.
q004,text,white bookshelf for a bedroom,,B07QF9X1LH|amazon.com,"Amazon Brand – Ravenna Home Sullivan Modern Bookcase, 41.4""W, White",DESK,White,Engineered Wood,2,White freestanding bookshelf/bookcase suitable for bedroom storage and display.
q004,text,white bookshelf for a bedroom,,B07QC85X9C|amazon.com,"Amazon Brand – Ravenna Home Springdale Modern Bookcase with Decorative Open Sides, 30""W, White",DESK,White,Engineered Wood,2,White freestanding bookshelf/bookcase suitable for bedroom storage and display.
q004,text,white bookshelf for a bedroom,,B07RV876BK|amazon.sg,"AmazonCommercial Adjustable Shelf & Rod Support, White. 2-Pack",SHELF,,,0,"This is a SHELF, not a bookshelf."
q004,text,white bookshelf for a bedroom,,B0851ZXS46|amazon.co.uk,Movian Shelf 4037,HOME_FURNITURE_AND_DECOR,White,Wood,1,"Bookshelf/storage function is relevant, but the White finish is not predominantly white."
q004,text,white bookshelf for a bedroom,,B088HFYZS4|amazon.com,"AmazonBasics Floating Shelves - 16, 20, 24-Inch, White, Set of 3",SHELF,White,,1,"White floating shelves can hold books, but they are not a complete bookshelf."
q004,text,white bookshelf for a bedroom,,B07TX2D4XN|amazon.co.uk,"Amazon Brand - Movian MDF Shelf 2 lockers Cube Bookcase, Light Oak, 41.5 x 29 x 59.5 cm",SHELF,Light Brown,Wood,1,"Bookshelf/storage function is relevant, but the Light Brown finish is not predominantly white."
q004,text,white bookshelf for a bedroom,,B07V152DQ8|amazon.co.uk,"Amazon Brand - Movian 1 locker MDF Shelf Cube Bookcase, Brown, 41.5 x 29 x 30.5 cm",CABINET,Brown,Wood,1,"Bookshelf/storage function is relevant, but the Brown finish is not predominantly white."
q004,text,white bookshelf for a bedroom,,B07HJQ5K5D|amazon.ca,"AmazonBasics Kids Bookcase with Reading Nook and Storage Shelves, Espresso",TEACHING_EQUIPMENT,Espresso,,1,"Bookshelf/storage function is relevant, but the Espresso finish is not predominantly white."
q004,text,white bookshelf for a bedroom,,B078S81KPH|amazon.com,Amazon Brand – Stone & Beam Barrett Reclaimed Wood 4-Shelf Bookcase,SHELF,,,2,White freestanding bookshelf/bookcase suitable for bedroom storage and display.
q004,text,white bookshelf for a bedroom,,B07RLM2JNX|amazon.in,Amazon Brand - Solimo Aquilla Engineered Wood Mini 3 Tier Bookcase (Wenge Finish),SHELF,Brown,Engineered Wood,1,"Bookshelf/storage function is relevant, but the Brown finish is not predominantly white."
q004,text,white bookshelf for a bedroom,,B07PYL46GJ|amazon.com,AmazonBasics Classic L-Shaped Desk with Open Bookshelves - White/Natural,DESK,White/Natural,Engineered Wood,1,"White desk includes bookshelf storage, but it is not primarily a standalone bookshelf."
q004,text,white bookshelf for a bedroom,,B075ZBW1RR|amazon.com,"Amazon Brand – Stone & Beam Larson Industrial Wood and Metal 2-Shelf Bookcase, 39""H, Walnut",SHELF,Walnut + Metal,walnut,1,"Bookshelf/storage function is relevant, but the Walnut + Metal finish is not predominantly white."
q004,text,white bookshelf for a bedroom,,B001BQ8III|amazon.com,"Pinzon Geary Glass-Top Desk, Cosmo",DESK,White,Glass,0,"This is a DESK, not a bookshelf."
q004,text,white bookshelf for a bedroom,,B07MKHHP34|amazon.in,Amazon Brand - Solimo 4-Tier Book Shelf (Walnut),SHELF,Walnut,Wood,1,"Bookshelf/storage function is relevant, but the Walnut finish is not predominantly white."
q004,text,white bookshelf for a bedroom,,B07L1F577K|amazon.in,Amazon Brand - Solimo Pavo Engineered Wood Bookcase (Wenge Finish),SHELF,Wenge,Engineered Wood^Particle Board,1,"Bookshelf/storage function is relevant, but the Wenge finish is not predominantly white."
q004,text,white bookshelf for a bedroom,,B07Q1S1ZV2|amazon.co.uk,"Ameriwood Home Classic 6 Drawer Dresser, White",DRESSER,White,Engineered Wood,0,"This is a DRESSER, not a bookshelf."
q004,text,white bookshelf for a bedroom,,B07H8PTW71|amazon.co.uk,"Amazon Brand - Movian Desna 3-Drawer Wardrobe, 40 x 52 x 50cm, High Gloss White Colour",TABLE,Alpine White,,0,"This is a TABLE, not a bookshelf."
q005,text,"floor lamp for living room, not a table lamp",,B07DBCMTPB|amazon.com,"Amazon Brand – Ravenna Home Clear Ribbed Glass Cylinder Living Room Floor Lamp with LED Bulb - 64.25 Inches, Brushed Nickel",LAMP,Brushed Nickel,,2,Full-height floor lamp suitable for living-room lighting; it does not appear to be a table lamp.
q005,text,"floor lamp for living room, not a table lamp",,B0742DNY41|amazon.sg,"Rivet Marble and Brass Floor Lamp, Avery, 63""H, With Bulb",LAMP,Antique Brass,Metal+Marble,2,Full-height floor lamp suitable for living-room lighting; it does not appear to be a table lamp.
q005,text,"floor lamp for living room, not a table lamp",,B075X2YJHZ|amazon.com,"Amazon Brand – Stone & Beam Vintage Industrial Spotlight Tripod Floor Lamp With LED Light Bulb - 25.5 x 25.5 x 60 Inches, Black",LAMP,Black,Metal,2,Full-height floor lamp suitable for living-room lighting; it does not appear to be a table lamp.
q005,text,"floor lamp for living room, not a table lamp",,B07B51946F|amazon.com,"Amazon Brand – Rivet Mid Century Modern Industrial Fan Table Desk Lamp With 3 Edison Light Bulbs - 16.5 x 8 x 17.25 Inch, Wood Finish",LAMP,Wood Finish,,0,"This is a table/desk lamp or another non-floor-lighting item, violating the not-table-lamp constraint."
q005,text,"floor lamp for living room, not a table lamp",,B07QD5SXJH|amazon.in,"Rivet Modern Arc Floor Lamp with Bulb and Fabric Shade, 69""H, Antique Brass",LAMP,Brass,Fabric,2,Full-height floor lamp suitable for living-room lighting; it does not appear to be a table lamp.
q005,text,"floor lamp for living room, not a table lamp",,B07B4ZK8BR|amazon.com,"Amazon Brand – Rivet Mid-Century Modern Floor Lamp with Wireless USB Port Charging Wood Table, 59""H, Light Bulb Included, Black",LAMP,Black,Linen,2,Full-height floor lamp suitable for living-room lighting; it does not appear to be a table lamp.
q005,text,"floor lamp for living room, not a table lamp",,B0824F7ZLF|amazon.com,"Amazon Brand – Ravenna Home Traditional Metal Downbridge Floor Lamp with Adjustable Shade, LED Bulb Included, 58.25""H, Dark Bronze",LAMP,Dark Bronze,Metal,2,Full-height floor lamp suitable for living-room lighting; it does not appear to be a table lamp.
q005,text,"floor lamp for living room, not a table lamp",,B0825CXG8H|amazon.com,"Amazon Brand – Rivet Mid-Century Modern Metal Starburst Table Lamp, LED Bulb Included, 24.5""H, Antique Gold",LAMP,Antique Gold,Metal,0,"This is a table/desk lamp or another non-floor-lighting item, violating the not-table-lamp constraint."
q005,text,"floor lamp for living room, not a table lamp",,B075X1T517|amazon.in,"Stone & Beam Leland Modern Textured Table Lamp With Bulb, 24.5""H, Grey",LAMP,Grey,Ceramic Metal Fabric,0,"This is a table/desk lamp or another non-floor-lighting item, violating the not-table-lamp constraint."
q005,text,"floor lamp for living room, not a table lamp",,B075X3S2Z6|amazon.ca,"Rivet Retro Two-Orb Tree Lamp with Bulbs, 65"" H, White and Brass",CONSUMER_ELECTRONICS,Brass/White,Metal+Glass,2,Full-height floor lamp suitable for living-room lighting; it does not appear to be a table lamp.
q005,text,"floor lamp for living room, not a table lamp",,B075X2NLJZ|amazon.com.au,"Rivet Pineapple Ceramic Table Lamp, Modern, 18"" H, White and Gold",LAMP,White,Ceramic+FabrIc,0,"This is a table/desk lamp or another non-floor-lighting item, violating the not-table-lamp constraint."
q005,text,"floor lamp for living room, not a table lamp",,B0825D87LB|amazon.com,"Amazon Brand – Stone & Beam Contemporary Glass Table Lamp with Narrow-Necked Body, LED Bulb Included, 20.25""H, Clear",LAMP,Clear,Glass,0,"This is a table/desk lamp or another non-floor-lighting item, violating the not-table-lamp constraint."
q005,text,"floor lamp for living room, not a table lamp",,B07MBFDHMH|amazon.com,"Amazon Brand – Stone & Beam Table Lamp with Textured Ceramic Base, Bulb Included, 15""H, Crackle White",LAMP,Crackle White,ceramic,0,"This is a table/desk lamp or another non-floor-lighting item, violating the not-table-lamp constraint."
q005,text,"floor lamp for living room, not a table lamp",,B07MHMR8FV|amazon.com,"Amazon Brand – Stone & Beam Task Lamp with Rotary Switch on the Base and LED Light Bulb - 21.5-Inch, Black / Brushed Nickel",LAMP,Black,,0,"This is a table/desk lamp or another non-floor-lighting item, violating the not-table-lamp constraint."
q005,text,"floor lamp for living room, not a table lamp",,B0824FLNCJ|amazon.com,"Amazon Brand – Ravenna Home Contemporary Metal Table Lamp with Mercury Glass Accent, LED Bulb Included, 28.5""H, Polished Nickel",LAMP,Chrome,Metal,0,"This is a table/desk lamp or another non-floor-lighting item, violating the not-table-lamp constraint."
q005,text,"floor lamp for living room, not a table lamp",,B0825DN9JL|amazon.com,"Amazon Brand – Stone & Beam Contemporary Curved Glass Table Lamp, LED Bulb Included, 19.25""H, Clear",LAMP,Clear,Glass,0,"This is a table/desk lamp or another non-floor-lighting item, violating the not-table-lamp constraint."
q005,text,"floor lamp for living room, not a table lamp",,B07B4Z7MHW|amazon.in,"Rivet Mid-Century Exposed Bulb Task Table Lamp, 16.5""H, with Bulb, Matte Black & Antique Brass",LAMP,Matte Black With Antique Brass,Glass/Metal+Plastic,0,"This is a table/desk lamp or another non-floor-lighting item, violating the not-table-lamp constraint."
q005,text,"floor lamp for living room, not a table lamp",,B073772TP9|amazon.com,"Amazon Brand – Stone & Beam Modern Slate Rock Table Desk Lamp with Light Bulb And Linen Shade,16""H, Polished Nickel",LAMP,Polished Nickel,Polyresin+Metal+Fabric,0,"This is a table/desk lamp or another non-floor-lighting item, violating the not-table-lamp constraint."
q005,text,"floor lamp for living room, not a table lamp",,B07QC76LVB|amazon.com,"Amazon Brand – Stone & Beam Ceramic Table Lamp, 18""H, Crackle Earth Green",LAMP,Crackle Earth Green,ceramic,0,"This is a table/desk lamp or another non-floor-lighting item, violating the not-table-lamp constraint."
q005,text,"floor lamp for living room, not a table lamp",,B07ML7M196|amazon.com,"Amazon Brand – Rivet Cement-Textured Table Lamp, Bulb Included, 16.5""H, White on Gray",LAMP,Grey,,0,"This is a table/desk lamp or another non-floor-lighting item, violating the not-table-lamp constraint."
q006,text,round dining table for four people,,B00R3Z4J7U|amazon.ca,"AmazonBasics 16-Piece Classic White Dinnerware Set, Round, Service for 4",DISHWARE_PLACE_SETTING,Round,,0,"This is a DISHWARE_PLACE_SETTING, not a round dining table."
q006,text,round dining table for four people,,B00DBSSHTY|amazon.co.uk,"Strathwood Garden Furniture Padre Round Garden Dining Table Weatherproof Poly Rattan 48""",ABIS_LAWN_AND_GARDEN,,plastic,2,Round dining table around four-person size; directly matches the requested shape and capacity.
q006,text,round dining table for four people,,B083SWXZBZ|amazon.in,Amazon Brand - Solimo Clara 4 Seater Sheesham Wood Dining Table Set with Chairs (Walnut Finish),FURNITURE,Walnut Finish,Sheesham Wood,1,"Dining table is relevant, but it is rectangular/square rather than round."
q006,text,round dining table for four people,,B085ZKX1TB|amazon.com,Amazon Brand - Solimo Karen Solid Sheesham Wood 4 Seater Dining Table with Chairs (Teak Finish),FURNITURE,Teak Finish,Sheesham Wood,1,"Dining table is relevant, but it is rectangular/square rather than round."
q006,text,round dining table for four people,,B0157FD02C|primenow.amazon.com,"AmazonBasics 16-Piece Kitchen Dinnerware Set, Plates, Bowls, Mugs, Service for 4, White",DISHWARE_PLACE_SETTING,White,AB-grade porcelain,0,"This is a DISHWARE_PLACE_SETTING, not a round dining table."
q006,text,round dining table for four people,,B07BDVBFH5|amazon.co.uk,"AmazonBasics Stone & Beam 20-Piece Flatware Set, Service for 4 - Round",FLATWARE,,Stainless Steel,0,"This is a FLATWARE, not a round dining table."
q006,text,round dining table for four people,,B00LFIZ4FW|amazon.co.uk,AmazonBasics 72-Inch (180 cm) Dining Table Cover,FURNITURE_COVER,Grey,Fabric,0,"This is a table cover, not a dining table."
q006,text,round dining table for four people,,B085Z6C2J4|amazon.in,Amazon Brand - Solimo Hove Solid Sheesham Wood 6 Seater Dining Table with Chairs and Bench (Teak Finish),FURNITURE,Teak Finish,Sheesham Wood,1,"Dining table is relevant, but the rectangular shape and larger capacity do not match a round table for four."
q006,text,round dining table for four people,,B075YQXRJM|amazon.com,"Amazon Brand – Rivet Mid-Century Modern Minimalist Dining Kitchen Table, 53.1""L, Walnut Wood",TABLE,Brown,Hardwood,1,"Dining table is relevant, but it is rectangular/square rather than round."
q006,text,round dining table for four people,,B000FTHD9W|amazon.in,"Pinzon 4-Piece Dinnerware Placesetting, Service for 1, Lilac (Retired)",DISHWARE_PLACE_SETTING,Lilac,,0,"This is a DISHWARE_PLACE_SETTING, not a round dining table."
q006,text,round dining table for four people,,B084H87DQZ|amazon.ae,Rivet Contemporary Geometric Area Rug,HOME_FURNITURE_AND_DECOR,,,0,"This is a HOME_FURNITURE_AND_DECOR, not a round dining table."
q006,text,round dining table for four people,,B001NEIPW2|amazon.com,"Strathwood Sheffield Bistro Table, White",OUTDOOR_LIVING,,,1,"Round table shape is relevant, but the compact bistro size is unlikely to seat four comfortably."
q006,text,round dining table for four people,,B000G63XRU|amazon.in,"Pinzon 4-Piece Dinnerware Placesetting, Service for 1, Daisy Yellow",DISHWARE_PLACE_SETTING,Daisy Multi Yellow,,0,"This is a DISHWARE_PLACE_SETTING, not a round dining table."
q006,text,round dining table for four people,,B07GJKFS4F|amazon.in,"AmazonBasics Stainless Steel Dinner Knives with Round Edge, Pack of 12",KITCHEN_KNIFE,Silver,Stainless Steel,0,"This is a KITCHEN_KNIFE, not a round dining table."
q006,text,round dining table for four people,,B083SYCS14|amazon.in,Amazon Brand - Solimo Clara 6 Seater Sheesham Wood Dining Table Set with Chairs (Walnut Finish),FURNITURE,Walnut Finish,Sheesham Wood,1,"Dining table is relevant, but the rectangular shape and larger capacity do not match a round table for four."
q006,text,round dining table for four people,,B07CYWRK7B|amazon.co.uk,"AmazonBasics 56-176-016701-PL Patio Round Table Cover, 48"", Grey",FURNITURE_COVER,Grey,,0,"This is a table cover, not a dining table."
q006,text,round dining table for four people,,B07HJR368C|amazon.ca,"AmazonBasics Kids Wood Table and 4 Chair Set, Natural Table, Assorted Color Chairs",TEACHING_EQUIPMENT,,,0,This is a children’s table set rather than an adult round dining table.
q006,text,round dining table for four people,,B07B7B8KNR|amazon.com,"Amazon Brand – Stone & Beam Reclaimed Wood Ladder-Rung Counter-Height Dining Table Bar, 36""H x 44""L, Fir",TABLE,Brown,stone,0,"This is a TABLE, not a round dining table."
q006,text,round dining table for four people,,B07B874GDK|amazon.com,"Amazon Brand – Stone & Beam Hughes Casual Wood and Metal Extendable Dining Table, 74-104""L, Brown",TABLE,Brown,wood,1,"Dining table is relevant, but it is rectangular/square rather than round."
q006,text,round dining table for four people,,B075HWZJSY|amazon.in,"AmazonBasics 10-Inch Compostable Plates, 500-Count",DISHWARE_PLATE,Natural,Others,0,"This is a DISHWARE_PLATE, not a round dining table."
q007,text,"beige area rug with a simple design, not colorful",,B071LQHVJZ|amazon.com,"Amazon Brand – Stone & Beam Contemporary Interlocking Rings Wool Area Rug, 5 x 7 Foot, Beige",HOME_FURNITURE_AND_DECOR,Beige,wool,2,Beige area rug with a restrained geometric pattern and no strong multicolor design.
q007,text,"beige area rug with a simple design, not colorful",,B07TCGFHRD|amazon.co.uk,"Amazon Brand - Movian Struma, Rectangular area rug, 221 cm x 160 cm (L x W), Geometric pattern",HOME_FURNITURE_AND_DECOR,Movian,Polypropylene,1,"Area-rug category and simple styling are relevant, but the Movian color is not beige."
q007,text,"beige area rug with a simple design, not colorful",,B084H87DQZ|amazon.ae,Rivet Contemporary Geometric Area Rug,HOME_FURNITURE_AND_DECOR,,,0,"The rug has a strong colorful or ornate pattern, violating the simple/not-colorful request."
q007,text,"beige area rug with a simple design, not colorful",,B07KRN2386|amazon.co.uk,Stone & Beam Casual Plaid Rug,HOME_FURNITURE_AND_DECOR,,,1,"Area-rug category and simple styling are relevant, but the unspecified color color is not beige."
q007,text,"beige area rug with a simple design, not colorful",,B075JR5KF5|amazon.co.uk,Stone & Beam Traditional Regal Adornment Rug,HOME_FURNITURE_AND_DECOR,,,0,"The rug has a strong colorful or ornate pattern, violating the simple/not-colorful request."
q007,text,"beige area rug with a simple design, not colorful",,B0794PSNTT|amazon.ca,Stone & Beam Floral Kaleidoscope Traditional Area Rug,HOME_LIGHTING_AND_LAMPS,Denim,,0,"The rug has a strong colorful or ornate pattern, violating the simple/not-colorful request."
q007,text,"beige area rug with a simple design, not colorful",,B07GFGV877|amazon.co.uk,"Rivet Abstract Reflections Wool Rug, 4' x 6', Navy Blue",HOME_FURNITURE_AND_DECOR,,,0,"Area-rug category and simple styling are relevant, but the unspecified color color is not beige."
q007,text,"beige area rug with a simple design, not colorful",,B082Q8NLZ3|amazon.com,"Amazon Brand – Stone & Beam Conner Slipcover Sofa Couch, 90""W, Beige",FURNITURE_COVER,Beige,,0,"This is a FURNITURE_COVER, not the requested area rug."
q007,text,"beige area rug with a simple design, not colorful",,B075LCPZFP|amazon.co.uk,"Amazon Brand - Rivet Pink Global Floral Wool Rug, 4' x 6', Pink",HOME_FURNITURE_AND_DECOR,,Wool,0,"The rug has a strong colorful or ornate pattern, violating the simple/not-colorful request."
q007,text,"beige area rug with a simple design, not colorful",,B07PZ7RVS8|amazon.ca,AmazonBasics Chevron Poly Rib Commercial Carpet Vinyl-Backed Mat 3x10 Brown,JANITORIAL_SUPPLY,Brown,,1,"Neutral simple floor covering, but it is a commercial mat rather than a beige area rug."
q007,text,"beige area rug with a simple design, not colorful",,B07CTRWV5G|amazon.ca,"Neutral Swatch, Rivet 25010051",OTTOMAN,Neutral,,0,"This is only a swatch, not an area rug."
q007,text,"beige area rug with a simple design, not colorful",,B07KRBQY8K|amazon.com,"Tan Swatch, Ravenna Home",OTTOMAN,Tan,,0,"This is only a swatch, not an area rug."
q007,text,"beige area rug with a simple design, not colorful",,B07P1TKX9L|amazon.com,"Stone & Beam Haze Swatch, Stone & Beam",SWATCH,Haze,,0,"This is only a swatch, not an area rug."
q007,text,"beige area rug with a simple design, not colorful",,B07KKFVFL4|amazon.co.uk,"AmazonBasics Ergonomic Anti-Fatigue Standing Desk Mat, Office Mat, Acupuncture Stimulating Surface, 80 x 62.5 x 7.6 cm, Black, Pack of 4",SAFETY_SUPPLY,Black,Soft Foam,0,"This is a SAFETY_SUPPLY, not the requested area rug."
q007,text,"beige area rug with a simple design, not colorful",,B07R8F5R2V|amazon.ca,"AmazonBasics 1 ½”circle Felt Furniture Pads, Beige, 60-piece",ABIS_HOME_IMPROVEMENT,Beige,,0,"This is a ABIS_HOME_IMPROVEMENT, not the requested area rug."
q007,text,"beige area rug with a simple design, not colorful",,B07R66LCPW|amazon.ae,AmazonBasics Felt Furniture Pads 4 2/3'' x 6'' Square FPS012BE,ABIS_HOME_IMPROVEMENT,Beige,,0,"This is a ABIS_HOME_IMPROVEMENT, not the requested area rug."
q007,text,"beige area rug with a simple design, not colorful",,B07V7G8L8Y|amazon.co.uk,"AmazonBasics Anti-Slip Rug Underlay, 140 x 200 cm",RUG_PAD,,,0,"This is a rug pad/underlay, not the visible beige area rug requested."
q007,text,"beige area rug with a simple design, not colorful",,B07VC4JCLP|amazon.co.uk,"AmazonBasics Anti-Slip Rug Underlay, 60 x 120 cm",RUG_PAD,,,0,"This is a rug pad/underlay, not the visible beige area rug requested."
q007,text,"beige area rug with a simple design, not colorful",,B07NQPSJCP|amazon.com,AmazonBasics Molded Carpet Recycled Rubber Commercial Scraper Entrance Mat Diamond Pattern 3X5 Onyx,JANITORIAL_SUPPLY,Onyx,Rubber,0,"This is a JANITORIAL_SUPPLY, not the requested area rug."
q007,text,"beige area rug with a simple design, not colorful",,B07KKRQXXK|amazon.co.uk,"AmazonBasics Ergonomic Anti-Fatigue Standing Desk Mat, Office Mat, Acupuncture Stimulating Surface, 76.2 x 63.5 x 7.6 cm, Black",SAFETY_SUPPLY,Black,Soft Foam,0,"This is a SAFETY_SUPPLY, not the requested area rug."
q008,text,small storage cabinet for entryway,,B07B8FHTJ4|amazon.com,"Amazon Brand – Stone & Beam Farmhouse Wall Mounted Cabinet Storage Organzier - 23 x19 x 6 Inch, Natural Wood",CABINET,Natural,Wood,2,Compact storage cabinet/organizer suitable for an entryway.
q008,text,small storage cabinet for entryway,,B07GFDZWMS|amazon.co.uk,"Amazon Brand - Movian Inari 3-door Shoe Cabinet/Cupboard/Organizer, 25 x 75 x 128 cm, Dark Grey",CABINET,Grey,Wood,2,Compact shoe cabinet is well suited to entryway storage.
q008,text,small storage cabinet for entryway,,B07MF1RR2V|amazon.com,"Amazon Brand – Ravenna Home Classic Solid Pine Storage Bench, 45""W, Black Finish",BENCH,Black,,2,Entryway storage bench combines compact storage with practical seating.
q008,text,small storage cabinet for entryway,,B07M6PKCQQ|amazon.com,"Amazon Brand – Ravenna Home Classic Solid Pine Storage Bench, 45""W, White Wash Finish",BENCH,White,Pine,2,Entryway storage bench combines compact storage with practical seating.
q008,text,small storage cabinet for entryway,,B07DBDTCTY|amazon.com,"Amazon Brand – Ravenna Home Upholstered Entryway Cushioned Storage Bench - 31 1/2-Inch, Espresso",BENCH,Espresso,Wood,2,Entryway storage bench combines compact storage with practical seating.
q008,text,small storage cabinet for entryway,,B07GFS1R7X|amazon.co.uk,"Amazon Brand - Movian Inari 3-door Shoe Cabinet/Cupboard/Organizer, 25 x 75 x 128 cm, Light Brown Oak-Effect",CABINET,Oak,Wood,2,Compact shoe cabinet is well suited to entryway storage.
q008,text,small storage cabinet for entryway,,B07WDGZ25V|amazon.co.uk,"Stone & Beam Rustic Acorn Shaped Stoneware Box, 4.25"" H, White and Clay (Renewed)",STORAGE_BOX,White and Clay,Stoneware,0,"This is a STORAGE_BOX, not an entryway storage cabinet."
q008,text,small storage cabinet for entryway,,B07DBB1S8N|amazon.com,"Amazon Brand – Ravenna Home Upholstered Entryway Cushioned Storage Bench - 47 1/4-Inch, Espresso",BENCH,Espresso,Wood,2,Entryway storage bench combines compact storage with practical seating.
q008,text,small storage cabinet for entryway,,B07P64ZJQG|amazon.com,AmazonBasics Classic Shoe Bench with Lift-Top Compartment and 3 Storage Cubbies - Black Oak,BENCH,Black Oak,Hardwood,2,Entryway storage bench combines compact storage with practical seating.
q008,text,small storage cabinet for entryway,,B07XKC5BCW|amazon.ca,"Stone & Beam Vintage Farmhouse Wood Floating Wall Storage Cabinet with Chalkboard - 24 x 21 x 8 Inches, Antique White (Renewed)",CABINET,Antique White,Wood,2,Compact storage cabinet/organizer suitable for an entryway.
q008,text,small storage cabinet for entryway,,B07QD6V13M|amazon.com,"Amazon Brand – Rivet Modern Media Storage Cabinet, 31.5""W, White",HOME_FURNITURE_AND_DECOR,White,,2,Compact storage cabinet/organizer suitable for an entryway.
q008,text,small storage cabinet for entryway,,B073G947XM|amazon.com,"Amazon Brand – Stone & Beam Union Modern Storage Bench, 38""W, Emerald",BENCH,Emerald,Stone,1,"Provides compact hidden storage and seating, but it is a bench rather than a cabinet."
q008,text,small storage cabinet for entryway,,B07LC5Y96J|amazon.in,Amazon Brand - Solimo Andro Engineered Wood Shoe Rack with Drawer (Espresso Finish),CLOTHES_RACK,Teak Walnut,Engineered Wood,1,"Useful entryway shoe storage, but the open rack is less cabinet-like."
q008,text,small storage cabinet for entryway,,B07TDL211V|amazon.in,Amazon Brand - Solimo Tia Engineered Wood Small Shoe Rack with Seat (Oak Finish),CLOTHES_RACK,Oak Finish,Engineered Wood,1,"Useful entryway shoe storage, but the open rack is less cabinet-like."
q008,text,small storage cabinet for entryway,,B07GFS1WH7|amazon.co.uk,"Movian Adour 3-Door Shoe Cabinet/Cupboard/Organizer, 25 x 75 x 128cm, White & Vintage-Wood-Look",CABINET,Printing,Wood,2,Compact shoe cabinet is well suited to entryway storage.
q008,text,small storage cabinet for entryway,,B07847Y5BG|amazon.co.uk,"Amazon Brand - Movian Constance - 3-Door Shoe Cabinet/Cupboard/Organizer, 75 x 25 x 128cm, Black & White London Print",CLOTHES_RACK,London Print,Wood,2,Compact shoe cabinet is well suited to entryway storage.
q008,text,small storage cabinet for entryway,,B01MXTX8MC|amazon.com,"AmazonBasics Wall-Mounted Farmhouse Coat Rack, 5 Standard Hooks, Light Walnut",STORAGE_HOOK,Light Walnut,wood,0,Coat hooks help entryway organization but provide no cabinet storage.
q008,text,small storage cabinet for entryway,,B01N2PLWIL|amazon.com,"AmazonBasics Wall-Mounted Farmhouse Coat Rack, 5 Standard Hooks, Barnwood",STORAGE_HOOK,Barnwood,wood,0,Coat hooks help entryway organization but provide no cabinet storage.
q008,text,small storage cabinet for entryway,,B07L3694Q9|amazon.com,"AmazonBasics Wall Mounted Modern Coat Rack, 5 Hooks, Set of 2, Natural",STORAGE_HOOK,Natural,wood,0,Coat hooks help entryway organization but provide no cabinet storage.
q008,text,small storage cabinet for entryway,,B07MF1SRM6|amazon.com,"Amazon Brand – Ravenna Home Classic Solid Pine Storage Bench, 46.5""W, Black Finish",BENCH,Black,,2,Entryway storage bench combines compact storage with practical seating.
q009,text,"stainless steel kitchen knife set, not plastic handle",,B07P6XKV3B|amazon.in,Amazon Brand - Solimo Stainless Steel Knife Set (3 pieces),KITCHEN_KNIFE,Silver,Plastic,0,"The knives use black synthetic/POM-style handles, conflicting with the explicit not-plastic-handle constraint."
q009,text,"stainless steel kitchen knife set, not plastic handle",,B0728HGGPC|amazon.in,"Amazon Brand - Solimo Premium High-Carbon Stainless Steel Kitchen Knife Set, 3-Pieces, Silver",KITCHEN_KNIFE,Silver,Stainless Steel,0,"The knives use black synthetic/POM-style handles, conflicting with the explicit not-plastic-handle constraint."
q009,text,"stainless steel kitchen knife set, not plastic handle",,B00R3Z49G6|primenow.amazon.com,AmazonBasics 14-Piece Kitchen Knife Set with High-Carbon Stainless-Steel Blades and Pine Wood Block,KNIFE_BLOCK_SET,,Stainless Steel,0,"The knives use black synthetic/POM-style handles, conflicting with the explicit not-plastic-handle constraint."
q009,text,"stainless steel kitchen knife set, not plastic handle",,B0719QB6HX|amazon.in,Amazon Brand - Solimo Premium High-Carbon Stainless Steel Detachable Kitchen Shears and 2 Kitchen Knife Set,KITCHEN_KNIFE,Silver,Stainless Steel,0,"The knives use black synthetic/POM-style handles, conflicting with the explicit not-plastic-handle constraint."
q009,text,"stainless steel kitchen knife set, not plastic handle",,B0719QB6HW|amazon.in,"Amazon Brand - Solimo Premium High-Carbon Stainless Steel Utility Knife Set, 2-Pieces, Silver",KITCHEN_KNIFE,Silver,Stainless Steel,0,"The knives use black synthetic/POM-style handles, conflicting with the explicit not-plastic-handle constraint."
q009,text,"stainless steel kitchen knife set, not plastic handle",,B0711YD5TK|amazon.in,"Amazon Brand - Solimo Premium High-Carbon Stainless Steel Utility Knife Set, 3-Pieces, Silver",KITCHEN_KNIFE,Silver,Stainless Steel,0,"The knives use black synthetic/POM-style handles, conflicting with the explicit not-plastic-handle constraint."
q009,text,"stainless steel kitchen knife set, not plastic handle",,B0719QB6HV|amazon.in,"Amazon Brand - Solimo Premium High-Carbon Stainless Steel Chef's Knife Set, 2-Pieces, Silver",KITCHEN_KNIFE,Silver,Stainless Steel,0,"The knives use black synthetic/POM-style handles, conflicting with the explicit not-plastic-handle constraint."
q009,text,"stainless steel kitchen knife set, not plastic handle",,B0711YD5ZC|amazon.in,"Amazon Brand - Solimo Premium High-Carbon Stainless Steel Detachable Kitchen Shears and Knife Set, 2-Pieces, Silver",KITCHEN_KNIFE,Silver,Stainless Steel,0,"The knives use black synthetic/POM-style handles, conflicting with the explicit not-plastic-handle constraint."
q009,text,"stainless steel kitchen knife set, not plastic handle",,B000WIB27K|amazon.in,Strathwood 5-Piece Full Tang Steak Knife Set with Professional Sharpener,KITCHEN_KNIFE,,,0,"The knives use black synthetic/POM-style handles, conflicting with the explicit not-plastic-handle constraint."
q009,text,"stainless steel kitchen knife set, not plastic handle",,B07GJKFS4F|amazon.in,"AmazonBasics Stainless Steel Dinner Knives with Round Edge, Pack of 12",KITCHEN_KNIFE,Silver,Stainless Steel,1,"All-metal stainless knife set avoids plastic handles, but these are dinner knives rather than kitchen-prep knives."
q009,text,"stainless steel kitchen knife set, not plastic handle",,B071SDYY6N|amazon.in,"Amazon Brand - Solimo Premium Stainless Steel Chef's Knife, Silver",KITCHEN_KNIFE,Silver,Stainless Steel,0,"This is a single knife with a black synthetic-looking handle, not a qualifying non-plastic knife set."
q009,text,"stainless steel kitchen knife set, not plastic handle",,B07P6XJRN3|amazon.in,Amazon Brand - Solimo Stainless Steel Bread Knife (20cm),KITCHEN_KNIFE,Silver,Plastic,0,"This is a single knife with a black synthetic-looking handle, not a qualifying non-plastic knife set."
q009,text,"stainless steel kitchen knife set, not plastic handle",,B07PBBWVHY|amazon.in,Amazon Brand - Solimo Stainless Steel Vegetable Masher,KITCHEN_KNIFE,Silver,Plastic,0,"This is a KITCHEN_KNIFE, not a kitchen knife set."
q009,text,"stainless steel kitchen knife set, not plastic handle",,B088TLCM3D|amazon.in,"(Renewed) Amazon Brand - Solimo Premium High-Carbon Stainless Steel Detachable Kitchen Shears and Knife Set, 2-Pieces, Silver",KITCHEN_KNIFE,Silver,Stainless Steel,0,"The knives use black synthetic/POM-style handles, conflicting with the explicit not-plastic-handle constraint."
q009,text,"stainless steel kitchen knife set, not plastic handle",,B07D3Y1BQS|amazon.co.uk,"Amazonbasics 24-Piece Flatware Set, Silver - Service for 6 [classic style]",FLATWARE,Silver,Stainless Steel,0,"This is a FLATWARE, not a kitchen knife set."
q009,text,"stainless steel kitchen knife set, not plastic handle",,B00R3Z3ZF2|amazon.ca,AmazonBasics Premium 18-Piece Knife Block Set,KNIFE_BLOCK_SET,,,0,"The knives use black synthetic/POM-style handles, conflicting with the explicit not-plastic-handle constraint."
q009,text,"stainless steel kitchen knife set, not plastic handle",,B06XZX9DXS|amazon.in,"Amazon Brand - Solimo 24 Piece Stainless Steel Cutlery Set, Vintage (Contains: 6 Table Spoons, 6 Tea Spoons, 6 Forks, 6 Knives), Silver",FLATWARE,Silver,Stainless Steel,0,"This is a FLATWARE, not a kitchen knife set."
q009,text,"stainless steel kitchen knife set, not plastic handle",,B06Y14DCC5|amazon.in,"Amazon Brand - Solimo 24 Piece Stainless Steel Cutlery Set, Classique (Contains: 6 Table Spoons, 6 Tea Spoons, 6 Forks, 6 Knives), Silver",FLATWARE,Silver,Stainless Steel,0,"This is a FLATWARE, not a kitchen knife set."
q009,text,"stainless steel kitchen knife set, not plastic handle",,B0736T6F7S|amazon.co.uk,"AmazonBasics 45-Piece Stainless Steel Flatware Set with Square Edge, Service for 8",FLATWARE,Silver,Stainless Steel,0,"This is a FLATWARE, not a kitchen knife set."
q009,text,"stainless steel kitchen knife set, not plastic handle",,B07W35NSLH|amazon.ca,AmazonBasics Multi-Use Stainless Steel Cheese Knife,KITCHEN_KNIFE,,,1,"All-metal kitchen knife avoids plastic, but it is a single specialized knife rather than a set."
q010,text,"glass vase for flowers, transparent and tall, not ceramic",,B078JMJC49|amazon.com,"Amazon Brand – Rivet Mid Century Modern Ceramic Home Decor Flower Vase - 12 Inch, Blue and Green",VASE,,Ceramic,0,"The vase is ceramic/stoneware and generally opaque, violating both the transparent-glass and not-ceramic constraints."
q010,text,"glass vase for flowers, transparent and tall, not ceramic",,B075HXLWTN|amazon.com,"Amazon Brand – Rivet Modern Angled Stoneware Home Decor Flower Vase - 9 Inch, White",VASE,,,0,"The vase is ceramic/stoneware and generally opaque, violating both the transparent-glass and not-ceramic constraints."
q010,text,"glass vase for flowers, transparent and tall, not ceramic",,B075HWDTMM|amazon.com,"Amazon Brand – Rivet Modern Angled Stoneware Home Decor Flower Vase - 12 Inch, White",VASE,,,0,"The vase is ceramic/stoneware and generally opaque, violating both the transparent-glass and not-ceramic constraints."
q010,text,"glass vase for flowers, transparent and tall, not ceramic",,B075HXPFTG|amazon.com,"Amazon Brand – Rivet Modern Geometric Stoneware Home Decor Flower Vase - 6.9 Inch, White",VASE,White,,0,"The vase is ceramic/stoneware and generally opaque, violating both the transparent-glass and not-ceramic constraints."
q010,text,"glass vase for flowers, transparent and tall, not ceramic",,B075HXLWT5|amazon.com,"Amazon Brand – Rivet Modern Angled Stoneware Vase, 5.5""H, White",VASE,,,0,"The vase is ceramic/stoneware and generally opaque, violating both the transparent-glass and not-ceramic constraints."
q010,text,"glass vase for flowers, transparent and tall, not ceramic",,B075HR7DM7|amazon.com,"Amazon Brand – Rivet Modern Angled Stoneware Vase, 5.25""H, White",VASE,,,0,"The vase is ceramic/stoneware and generally opaque, violating both the transparent-glass and not-ceramic constraints."
q010,text,"glass vase for flowers, transparent and tall, not ceramic",,B078JJDPR2|amazon.com,"Amazon Brand – Stone & Beam Modern Ceramic Home Decor Flower Vase - 7 Inch, Teal White Tan",VASE,,,0,"The vase is ceramic/stoneware and generally opaque, violating both the transparent-glass and not-ceramic constraints."
q010,text,"glass vase for flowers, transparent and tall, not ceramic",,B078JGHZT3|amazon.com,"Amazon Brand – Stone & Beam Modern Ceramic Home Decor Flower Vase - 7 Inch, Teal White Tan",VASE,,,0,"The vase is ceramic/stoneware and generally opaque, violating both the transparent-glass and not-ceramic constraints."
q010,text,"glass vase for flowers, transparent and tall, not ceramic",,B075HWX46N|amazon.com,"Amazon Brand – Stone & Beam Modern Crosshatch Home Decor Flower Vase - 11 Inch, Blue",VASE,,,1,"It is a tall glass vase, but the colored/opaque finish does not satisfy transparent."
q010,text,"glass vase for flowers, transparent and tall, not ceramic",,B086XH2CBN|amazon.ca,"AmazonCommercial Hospitality Glass Vase, 66.3 oz, Set of 2",FOOD_SERVICE_SUPPLY,Clear,,1,"Transparent glass is relevant, but the item is short or tumbler-shaped rather than a tall flower vase."
q010,text,"glass vase for flowers, transparent and tall, not ceramic",,B078JFFX4L|amazon.com,"Amazon Brand – Stone & Beam Modern Round Ceramic Home Decor Flower Vase - 7 Inch, Coral White Tan",VASE,,Ceramic,0,"The vase is ceramic/stoneware and generally opaque, violating both the transparent-glass and not-ceramic constraints."
q010,text,"glass vase for flowers, transparent and tall, not ceramic",,B086K7LM66|amazon.co.uk,"AmazonCommercial Stemless Champagne Flute Glasses, 9.75 oz, Set of 12",DRINKING_CUP,Transparent,,1,"It is tall transparent glass drinkware, not a flower vase."
q010,text,"glass vase for flowers, transparent and tall, not ceramic",,B086XGZ6PZ|amazon.co.uk,"AmazonCommercial Highball Drinking Glasses, Barware Glass Tumbler, 381.5 ml, Set of 6",DRINKING_CUP,Transparent,Glass,1,"It is tall transparent glass drinkware, not a flower vase."
q010,text,"glass vase for flowers, transparent and tall, not ceramic",,B08C1F5P19|amazon.ca,"AmazonCommercial Shatterproof Stemless Rocks Glass, 12 oz, Pack of 60",DRINKING_CUP,Clear,,0,"Transparent glass is relevant, but the item is short or tumbler-shaped rather than a tall flower vase."
q010,text,"glass vase for flowers, transparent and tall, not ceramic",,B075HR4ZDB|amazon.com,"Amazon Brand – Stone & Beam Modern Decorative Ceramic Vase Decor With Geometric Pattern, 7.7 Inch Height, White",VASE,White,,0,"The vase is ceramic/stoneware and generally opaque, violating both the transparent-glass and not-ceramic constraints."
q010,text,"glass vase for flowers, transparent and tall, not ceramic",,B078JGRLCJ|amazon.com,"Amazon Brand – Rivet Mid Century Modern Round Ceramic Home Decor Flower Vase - 5 Inch, Blue and Green",VASE,,Ceramic,0,"The vase is ceramic/stoneware and generally opaque, violating both the transparent-glass and not-ceramic constraints."
q010,text,"glass vase for flowers, transparent and tall, not ceramic",,B07B8PXTSY|amazon.com,"Amazon Brand – Stone & Beam Modern Ombre Stoneware Home Decor Flower Vase - 10 Inch, Dark Brown Red White",VASE,Dark Brown,stoneware,0,"The vase is ceramic/stoneware and generally opaque, violating both the transparent-glass and not-ceramic constraints."
q010,text,"glass vase for flowers, transparent and tall, not ceramic",,B07JM6GHC8|amazon.com,"Amazon Brand – Stone & Beam Emerick Rustic Tall Stoneware Decor Vase with Geometric Pattern - 15 Inch, Brown and White",VASE,,stoneware,0,"The vase is ceramic/stoneware and generally opaque, violating both the transparent-glass and not-ceramic constraints."
q010,text,"glass vase for flowers, transparent and tall, not ceramic",,B0842L2D5N|amazon.com,"Amazon Brand – Stone & Beam Shibori Inspired Stoneware Vase, 11.6""H, Blue and White",VASE,Multy,stoneware,0,"The vase is ceramic/stoneware and generally opaque, violating both the transparent-glass and not-ceramic constraints."
q010,text,"glass vase for flowers, transparent and tall, not ceramic",,B075HWX46K|amazon.com,"Amazon Brand – Stone & Beam Modern Farmhouse Triangle Pattern Stoneware Home Decor Flower Vase - 9 x 6.6 Inches, Ecru White",VASE,White,,0,"The vase is ceramic/stoneware and generally opaque, violating both the transparent-glass and not-ceramic constraints."
q011,image,,data/raw/images/small/ce/ce04dd2a.jpg,B086TGRSBG|amazon.com,"AmazonBasics Wood Platform Bed - Rustic Finish - No Box Spring Needed - Strong Wood Slat Support, King",BED,Rustic Teak,Wood,1,"Related slatted bed-frame structure, but the material/form differs from the wooden adjustable box foundation."
q011,image,,data/raw/images/small/ce/ce04dd2a.jpg,B088V8YGYM|amazon.com,"AmazonBasics Modern Faux-Linen Upholstered Bed Foundation - Dark Grey, King",BED,Gray,Wood,1,"Related slatted bed-frame structure, but the material/form differs from the wooden adjustable box foundation."
q011,image,,data/raw/images/small/ce/ce04dd2a.jpg,B07B4Z7MRL|amazon.com,"Amazon Brand – Stone & Beam Chase Casual Wood Underbed Storage, 80"", Natural",STORAGE_BOX,Natural Rattan,stone,2,"Visually close wooden box-style bed base/storage foundation, though the adjustable raised slats are not shown."
q011,image,,data/raw/images/small/ce/ce04dd2a.jpg,B07B4W2MFG|amazon.com,"Amazon Brand – Stone & Beam Bishop Modern Wood Underbed Storage, 81.5""W, Weathered Oak",STORAGE_BOX,Weathered Oak,stone,2,"Visually close wooden box-style bed base/storage foundation, though the adjustable raised slats are not shown."
q011,image,,data/raw/images/small/ce/ce04dd2a.jpg,B0869LMTKP|amazon.ca,"AmazonBasics Aurora Metal and Wood Platform Bed with Headboard - Wood Slat Support, King",BED,Black & Espresso,Metal,1,"Related slatted bed-frame structure, but the material/form differs from the wooden adjustable box foundation."
q011,image,,data/raw/images/small/ce/ce04dd2a.jpg,B07K6MBGYH|amazon.com,"AmazonBasics Heavy Duty Non-Slip Bed Frame with Steel Slats, Easy Assembly - 14""H, Full",BED_FRAME,Black,steel,1,"Related slatted bed-frame structure, but the material/form differs from the wooden adjustable box foundation."
q011,image,,data/raw/images/small/ce/ce04dd2a.jpg,B07B4W2MFW|amazon.com,"Amazon Brand – Stone & Beam Chase Casual Wood and Rattan King Bed with Headboard, 79""W, Natural",STORAGE_BOX,Natural Rattan,rattan,1,"Related wooden bed/storage-bed product, but it includes a full headboard/frame and is less visually similar."
q011,image,,data/raw/images/small/ce/ce04dd2a.jpg,B07B4ZFC57|amazon.com,"Amazon Brand – Stone & Beam Chase Casual Wood and Rattan Queen Bed with Headboard, 63""W, Natural",STORAGE_BOX,Natural Rattan,rattan,1,"Related wooden bed/storage-bed product, but it includes a full headboard/frame and is less visually similar."
q011,image,,data/raw/images/small/ce/ce04dd2a.jpg,B07K6JF1Y8|amazon.ca,"AmazonBasics Mattress Foundation / Smart Box Spring for Cal King Size Bed, Tool-Free Easy Assembly - 9-Inch, Cal King",BED_FRAME,Black,metal,1,"Related mattress foundation/box-spring product, but its covered appearance differs from the exposed wooden slats."
q011,image,,data/raw/images/small/ce/ce04dd2a.jpg,B07D49ZZ6S|amazon.com,Amazon Basics Bed Frame,BED_FRAME,,,1,"Related bed support frame, but it lacks the wooden box and slatted lifting structure."
q011,image,,data/raw/images/small/ce/ce04dd2a.jpg,B07K6M8HKR|amazon.com,"AmazonBasics Heavy Duty Non-Slip Bed Frame with Steel Slats, Easy Assembly - 14""H, Twin",BED_FRAME,Black,steel,1,"Related slatted bed-frame structure, but the material/form differs from the wooden adjustable box foundation."
q011,image,,data/raw/images/small/ce/ce04dd2a.jpg,B086TGJFZK|amazon.com,"AmazonBasics Metal Bed with Modern Industrial Design Headboard - 14 Inch Height for Under-Bed Storage - Wood Slats - Easy Assemble, Full",BED,Black,Metal,1,"Related slatted bed-frame structure, but the material/form differs from the wooden adjustable box foundation."
q011,image,,data/raw/images/small/ce/ce04dd2a.jpg,B07CVC1Q7C|amazon.com,Rivet Fisher Rustic Wood Bed Frame Platform with Headboard,BED,,,0,The pictured product is not a bed foundation similar to the query.
q011,image,,data/raw/images/small/ce/ce04dd2a.jpg,B07D4BHP6T|amazon.com,Amazon Basics 9-Leg Support Metal Bed Frame - Strong Support for Box Spring and Mattress Set - Tool-Free Easy Assembly - Full Size Bed,BED_FRAME,Black,Steel,1,"Related bed support frame, but it lacks the wooden box and slatted lifting structure."
q011,image,,data/raw/images/small/ce/ce04dd2a.jpg,B07K6H2P7G|amazon.com,"AmazonBasics Mattress Foundation / Smart Box Spring for Full Size Bed, Tool-Free Easy Assembly - 5-Inch, Full",BED_FRAME,Black,metal,1,"Related mattress foundation/box-spring product, but its covered appearance differs from the exposed wooden slats."
q011,image,,data/raw/images/small/ce/ce04dd2a.jpg,B07B51H7B1|amazon.com,"Amazon Brand – Rivet Fisher Rustic Wood Queen Bed Frame Platform with Headboard, 63""W, Reclaimed-Look Rustic Wood",BED,Reclaimed-look Wood,Wood,1,"Related wooden bed/storage-bed product, but it includes a full headboard/frame and is less visually similar."
q011,image,,data/raw/images/small/ce/ce04dd2a.jpg,B07K6H2C7D|amazon.ca,"AmazonBasics Mattress Foundation / Smart Box Spring for Twin XL Size Bed, Tool-Free Easy Assembly - 5-Inch, Twin XL",BED_FRAME,Black,metal,1,"Related mattress foundation/box-spring product, but its covered appearance differs from the exposed wooden slats."
q011,image,,data/raw/images/small/ce/ce04dd2a.jpg,B07RB7LWMS|amazon.com,"AmazonBasics Foldable, 18"" Metal Platform Bed Frame with Tool-Free Assembly, No Box Spring Needed - Queen",BED_FRAME,Black,Metal,1,"Related slatted bed-frame structure, but the material/form differs from the wooden adjustable box foundation."
q011,image,,data/raw/images/small/ce/ce04dd2a.jpg,B07K6H8MBV|amazon.com,"AmazonBasics Mattress Foundation / Smart Box Spring for Queen Size Bed, Tool-Free Easy Assembly - 9-Inch, Queen",BED_FRAME,Black,metal,1,"Related mattress foundation/box-spring product, but its covered appearance differs from the exposed wooden slats."
q011,image,,data/raw/images/small/ce/ce04dd2a.jpg,B07JZKSPY2|amazon.com,Amazon Basics 9-Leg Support Bed Frame - Strong Support for Box Spring and Mattress Set - Tool-Free Easy Assembly - King Size Bed,BED_FRAME,Black,Steel,1,"Related bed support frame, but it lacks the wooden box and slatted lifting structure."
q012,image,,data/raw/images/small/fb/fb2a4da8.jpg,B0792JGRNS|amazon.ca,Rivet Parks Mid-Century Modern Wingback Leather Chair,HOME_FURNITURE_AND_DECOR,,,1,"Dark leather/upholstered high-back chair is visually related, but it lacks an office swivel base and casters."
q012,image,,data/raw/images/small/fb/fb2a4da8.jpg,B07SSHYD2Z|amazon.co.uk,"AmazonBasics Swivel Office Chair with Medium Back and Armrest, Mesh Back, Black",HOME_FURNITURE_AND_DECOR,,,1,"Rolling office chair is relevant, but its lower mesh design is less visually similar to the leather executive chair."
q012,image,,data/raw/images/small/fb/fb2a4da8.jpg,B081HWKWN6|amazon.co.uk,"UMI. by Amazon - Ergonomic office chair, Swivelling Mesh Computer Chair with Adjustable Lumbar Support and PU Armrests, Breathable Mesh Back and Padded Seat, 150 kg Max Load",ACCESSORY_OR_PART_OR_SUPPLY,Black,Alloy Steel,2,"High-back rolling office chair closely matches the query function and silhouette, though the mesh differs from leather."
q012,image,,data/raw/images/small/fb/fb2a4da8.jpg,B084W339RK|amazon.com,"Amazon Brand – Stone & Beam Vivianne Modern Upholstered Dining Chair with Casters, 24.4""W, Slate",CHAIR,Slate,,1,"Upholstered chair with casters is somewhat related, but it is a low dining chair rather than an executive office chair."
q012,image,,data/raw/images/small/fb/fb2a4da8.jpg,B0854SBC3F|amazon.com,"Amazon Brand - Rivet Coen Contemporary Modern Upholstered Accent Swivel Chair, 30""W, Velvet Ink",CHAIR,Ink,Wood,0,Accent/lounge seating is not sufficiently similar to the high-back rolling office chair.
q012,image,,data/raw/images/small/fb/fb2a4da8.jpg,B081HX9SRM|amazon.co.uk,"UMI. by Amazon - Ergonomic office chair, Breathable High-Back Mesh Desk Chair with Adjustable Lumbar Support, 3D Armrests, Tilt Function and 360° Rotating Wheels",ACCESSORY_OR_PART_OR_SUPPLY,Black,Alloy Steel,2,"High-back rolling office chair closely matches the query function and silhouette, though the mesh differs from leather."
q012,image,,data/raw/images/small/fb/fb2a4da8.jpg,B0714QGRSL|amazon.com,"Amazon Brand – Rivet Andrews Contemporary Top-Grain Leather Chair, 40""W, Cognac",OTTOMAN,Cognac,leather,1,"Dark leather/upholstered high-back chair is visually related, but it lacks an office swivel base and casters."
q012,image,,data/raw/images/small/fb/fb2a4da8.jpg,B07R1PVS26|amazon.com,"AmazonBasics Pneumatic Shop Stool, Garage Seat with 300-Pound Capacity - Black",AUTO_ACCESSORY,black,,0,Stool/bar seating is not similar to the high-back executive office chair.
q012,image,,data/raw/images/small/fb/fb2a4da8.jpg,B07HSKB7B4|amazon.com,"Amazon Brand – Stone & Beam Wickstrom Upholstered Dining Chair with Arms, 26""W, Slate Grey",STOOL_SEATING,Slate Gray,,0,Dining chair is not visually/functionally close to the executive office chair.
q012,image,,data/raw/images/small/fb/fb2a4da8.jpg,B083739MDS|amazon.com,"AmazonBasics Pneumatic Shop Stool, Garage Seat with 300 lb Capacity - Black (Renewed)",AUTO_ACCESSORY,black,vinyl,0,Stool/bar seating is not similar to the high-back executive office chair.
q012,image,,data/raw/images/small/fb/fb2a4da8.jpg,B075Z6S94K|amazon.com,"Amazon Brand – Rivet Mid-Century Swope Curved Arm Swivel Office Chair, 26""W, Aqua",CHAIR,Teal,polyester/ Metal,1,"Swivel-chair function is relevant, but the Teal low accent-chair shape differs substantially."
q012,image,,data/raw/images/small/fb/fb2a4da8.jpg,B07QLGRVPN|amazon.in,AmazonBasics Mid-Back Black Mesh Chair (Renewed),CHAIR,Black,Plastic,1,"Rolling office chair is relevant, but its lower mesh design is less visually similar to the leather executive chair."
q012,image,,data/raw/images/small/fb/fb2a4da8.jpg,B0831X7B8V|amazon.com,"Amazon Brand – Stone & Beam Lyon Upholstered Chair-and-a-Half, 55""W, Steel",CHAIR,Steel,Polyester,0,Accent/lounge seating is not sufficiently similar to the high-back rolling office chair.
q012,image,,data/raw/images/small/fb/fb2a4da8.jpg,B07TTHJJKQ|amazon.com,"Amazon Brand – Rivet Malida Mid-Century Modern Faux Leather Open Back Swivel Kitchen Bar Stool, 41""H, Grey",STOOL_SEATING,Grey,,0,Stool/bar seating is not similar to the high-back executive office chair.
q012,image,,data/raw/images/small/fb/fb2a4da8.jpg,B075YN3HCD|amazon.com,"Amazon Brand – Stone & Beam Carson Tufted Leather Kitchen Counter Bar Stool, 45""H, Brown",STOOL_SEATING,Brown Leather,elastic / Leather,0,Stool/bar seating is not similar to the high-back executive office chair.
q012,image,,data/raw/images/small/fb/fb2a4da8.jpg,B07DBHCKHY|amazon.com,"Amazon Brand – Ravenna Home Tufted Armless English Roll Traditional Accent Chair, 26.8""W, Merlot Red",CHAIR,Merlot,Wood,0,Dining chair is not visually/functionally close to the executive office chair.
q012,image,,data/raw/images/small/fb/fb2a4da8.jpg,B0854SBWPQ|amazon.com,"Amazon Brand - Rivet Coen Contemporary Modern Upholstered Accent Swivel Chair, 30""W, Sunday Maize",CHAIR,Maize,Wood,0,Accent/lounge seating is not sufficiently similar to the high-back rolling office chair.
q012,image,,data/raw/images/small/fb/fb2a4da8.jpg,B075X4YDCR|amazon.com,"Amazon Brand – Stone & Beam St. Cloud Modern Armless Accent Chair, 32""W, Bear",CHAIR,Bear,stone,0,Accent/lounge seating is not sufficiently similar to the high-back rolling office chair.
q012,image,,data/raw/images/small/fb/fb2a4da8.jpg,B08568HG2X|amazon.com,"Amazon Brand – Rivet Decatur Modern Faux Leather Kitchen Counter-Height Stool, 37""H, Black",STOOL_SEATING,Black,,0,Stool/bar seating is not similar to the high-back executive office chair.
q012,image,,data/raw/images/small/fb/fb2a4da8.jpg,B075X5TN2K|amazon.com,"Amazon Brand – Stone & Beam Marin Studded Chair, 33""W, Tan",HOME_FURNITURE_AND_DECOR,Tan,stone,0,Accent/lounge seating is not sufficiently similar to the high-back rolling office chair.
q013,image,,data/raw/images/small/79/798608e4.jpg,B07SSHYD2Z|amazon.co.uk,"AmazonBasics Swivel Office Chair with Medium Back and Armrest, Mesh Back, Black",HOME_FURNITURE_AND_DECOR,,,1,"Black rolling office chair is relevant, but its shorter mesh back is less similar to the racing-style high back."
q013,image,,data/raw/images/small/79/798608e4.jpg,B081HWKWN6|amazon.co.uk,"UMI. by Amazon - Ergonomic office chair, Swivelling Mesh Computer Chair with Adjustable Lumbar Support and PU Armrests, Breathable Mesh Back and Padded Seat, 150 kg Max Load",ACCESSORY_OR_PART_OR_SUPPLY,Black,Alloy Steel,2,Black high-back ergonomic rolling chair is a strong functional and silhouette match to the gaming-style query chair.
q013,image,,data/raw/images/small/79/798608e4.jpg,B07QLGRVPN|amazon.in,AmazonBasics Mid-Back Black Mesh Chair (Renewed),CHAIR,Black,Plastic,1,"Black rolling office chair is relevant, but its shorter mesh back is less similar to the racing-style high back."
q013,image,,data/raw/images/small/79/798608e4.jpg,B081HX9SRM|amazon.co.uk,"UMI. by Amazon - Ergonomic office chair, Breathable High-Back Mesh Desk Chair with Adjustable Lumbar Support, 3D Armrests, Tilt Function and 360° Rotating Wheels",ACCESSORY_OR_PART_OR_SUPPLY,Black,Alloy Steel,2,Black high-back ergonomic rolling chair is a strong functional and silhouette match to the gaming-style query chair.
q013,image,,data/raw/images/small/79/798608e4.jpg,B07R1PVS26|amazon.com,"AmazonBasics Pneumatic Shop Stool, Garage Seat with 300-Pound Capacity - Black",AUTO_ACCESSORY,black,,0,Stool seating is not visually similar to the gaming office chair.
q013,image,,data/raw/images/small/79/798608e4.jpg,B083739MDS|amazon.com,"AmazonBasics Pneumatic Shop Stool, Garage Seat with 300 lb Capacity - Black (Renewed)",AUTO_ACCESSORY,black,vinyl,0,Stool seating is not visually similar to the gaming office chair.
q013,image,,data/raw/images/small/79/798608e4.jpg,B07QYB14F4|amazon.ca,AmazonBasics Low-Back Computer Task/Desk Chair with Swivel Casters - Red (Renewed),CHAIR,Red,mesh,1,"Rolling office-chair form is relevant, but the Red color and low-back design differ from the black gaming chair."
q013,image,,data/raw/images/small/79/798608e4.jpg,B0792JGRNS|amazon.ca,Rivet Parks Mid-Century Modern Wingback Leather Chair,HOME_FURNITURE_AND_DECOR,,,0,This chair type and silhouette are not similar to the gaming office chair.
q013,image,,data/raw/images/small/79/798608e4.jpg,B075Z6S94K|amazon.com,"Amazon Brand – Rivet Mid-Century Swope Curved Arm Swivel Office Chair, 26""W, Aqua",CHAIR,Teal,polyester/ Metal,1,"Swivel chair is somewhat related, but the Teal accent-chair shape is visually different."
q013,image,,data/raw/images/small/79/798608e4.jpg,B08568HG2X|amazon.com,"Amazon Brand – Rivet Decatur Modern Faux Leather Kitchen Counter-Height Stool, 37""H, Black",STOOL_SEATING,Black,,0,Stool seating is not visually similar to the gaming office chair.
q013,image,,data/raw/images/small/79/798608e4.jpg,B0854SBC3F|amazon.com,"Amazon Brand - Rivet Coen Contemporary Modern Upholstered Accent Swivel Chair, 30""W, Velvet Ink",CHAIR,Ink,Wood,0,This chair type and silhouette are not similar to the gaming office chair.
q013,image,,data/raw/images/small/79/798608e4.jpg,B07QX2BYDH|amazon.com,"AmazonBasics Gaming Computer Desk with Storage for Controller, Headphone & Speaker - Black",DESK,Black,Metal,0,"This is a DESK, not a chair matching the query image."
q013,image,,data/raw/images/small/79/798608e4.jpg,B07T4BMN8Z|amazon.co.uk,AmazonBasics Memory Foam Lumbar Support Pillow - Black,BODY_POSITIONER,Black,,0,"This is only a chair-support accessory, not a complete chair."
q013,image,,data/raw/images/small/79/798608e4.jpg,B07MBFDQLY|amazon.com,"Amazon Brand – Ravenna Home Modern Dining Chair, 36 Inch Height, White, Set of 2",STOOL_SEATING,,,0,Dining seating is not similar to the rolling gaming chair.
q013,image,,data/raw/images/small/79/798608e4.jpg,B07HMPPZRN|amazon.com,"AmazonBasics Foldable Rocking Chair, Black",CHAIR,Black,Steel,0,This chair type and silhouette are not similar to the gaming office chair.
q013,image,,data/raw/images/small/79/798608e4.jpg,B07SYL8MPN|amazon.sa,"AmazonBasics Memory Foam Lumbar Back Support Pillow - Triangle, Paneled",BODY_POSITIONER,Triangle,,0,"This is only a chair-support accessory, not a complete chair."
q013,image,,data/raw/images/small/79/798608e4.jpg,B082VMWB4G|amazon.com,"Amazon Brand – Rivet Jamie Upholstered Mid-Century Modern Low Arm Accent Chair, 31""W, Chalk",CHAIR,Chalk,Polyester,0,This chair type and silhouette are not similar to the gaming office chair.
q013,image,,data/raw/images/small/79/798608e4.jpg,B07HSKXDRL|amazon.com,"Amazon Brand – Rivet Decatur Modern Kitchen Counter-Height Stool, 37""H, Chalk",STOOL_SEATING,Chalk,,0,Stool seating is not visually similar to the gaming office chair.
q013,image,,data/raw/images/small/79/798608e4.jpg,B07B4NWFW7|amazon.com,"Amazon Brand – Rivet Kaden Mid-Century Modern Adjustable Headrest Living Room Accent Chair, 35.8""W, Light Grey",OTTOMAN,Light Grey,,0,This chair type and silhouette are not similar to the gaming office chair.
q013,image,,data/raw/images/small/79/798608e4.jpg,B0854SBWPQ|amazon.com,"Amazon Brand - Rivet Coen Contemporary Modern Upholstered Accent Swivel Chair, 30""W, Sunday Maize",CHAIR,Maize,Wood,0,This chair type and silhouette are not similar to the gaming office chair.
q014,image,,data/raw/images/small/11/11b87755.jpg,B081HWKWN6|amazon.co.uk,"UMI. by Amazon - Ergonomic office chair, Swivelling Mesh Computer Chair with Adjustable Lumbar Support and PU Armrests, Breathable Mesh Back and Padded Seat, 150 kg Max Load",ACCESSORY_OR_PART_OR_SUPPLY,Black,Alloy Steel,2,"Black high-back rolling office chair strongly matches the executive-chair silhouette, though mesh replaces leather."
q014,image,,data/raw/images/small/11/11b87755.jpg,B07SSHYD2Z|amazon.co.uk,"AmazonBasics Swivel Office Chair with Medium Back and Armrest, Mesh Back, Black",HOME_FURNITURE_AND_DECOR,,,1,"Black rolling office chair is relevant, but its shorter mesh back is less similar to the leather executive chair."
q014,image,,data/raw/images/small/11/11b87755.jpg,B081HX9SRM|amazon.co.uk,"UMI. by Amazon - Ergonomic office chair, Breathable High-Back Mesh Desk Chair with Adjustable Lumbar Support, 3D Armrests, Tilt Function and 360° Rotating Wheels",ACCESSORY_OR_PART_OR_SUPPLY,Black,Alloy Steel,2,"Black high-back rolling office chair strongly matches the executive-chair silhouette, though mesh replaces leather."
q014,image,,data/raw/images/small/11/11b87755.jpg,B07QLGRVPN|amazon.in,AmazonBasics Mid-Back Black Mesh Chair (Renewed),CHAIR,Black,Plastic,1,"Black rolling office chair is relevant, but its shorter mesh back is less similar to the leather executive chair."
q014,image,,data/raw/images/small/11/11b87755.jpg,B07R1PVS26|amazon.com,"AmazonBasics Pneumatic Shop Stool, Garage Seat with 300-Pound Capacity - Black",AUTO_ACCESSORY,black,,0,Stool/bar seating is not similar to the high-back executive chair.
q014,image,,data/raw/images/small/11/11b87755.jpg,B083739MDS|amazon.com,"AmazonBasics Pneumatic Shop Stool, Garage Seat with 300 lb Capacity - Black (Renewed)",AUTO_ACCESSORY,black,vinyl,0,Stool/bar seating is not similar to the high-back executive chair.
q014,image,,data/raw/images/small/11/11b87755.jpg,B0792JGRNS|amazon.ca,Rivet Parks Mid-Century Modern Wingback Leather Chair,HOME_FURNITURE_AND_DECOR,,,1,"Dark leather/upholstered chair has similar material and upper form, but lacks an office swivel base and casters."
q014,image,,data/raw/images/small/11/11b87755.jpg,B075Z6S94K|amazon.com,"Amazon Brand – Rivet Mid-Century Swope Curved Arm Swivel Office Chair, 26""W, Aqua",CHAIR,Teal,polyester/ Metal,1,"Swivel-chair function is relevant, but the Teal accent-chair shape and color differ."
q014,image,,data/raw/images/small/11/11b87755.jpg,B08568HG2X|amazon.com,"Amazon Brand – Rivet Decatur Modern Faux Leather Kitchen Counter-Height Stool, 37""H, Black",STOOL_SEATING,Black,,0,Stool/bar seating is not similar to the high-back executive chair.
q014,image,,data/raw/images/small/11/11b87755.jpg,B07QYB14F4|amazon.ca,AmazonBasics Low-Back Computer Task/Desk Chair with Swivel Casters - Red (Renewed),CHAIR,Red,mesh,1,"Office-chair function is relevant, but the Red color and low-back form differ from the black executive chair."
q014,image,,data/raw/images/small/11/11b87755.jpg,B0854SBC3F|amazon.com,"Amazon Brand - Rivet Coen Contemporary Modern Upholstered Accent Swivel Chair, 30""W, Velvet Ink",CHAIR,Ink,Wood,0,This chair type and silhouette are not sufficiently similar.
q014,image,,data/raw/images/small/11/11b87755.jpg,B0714QGRSL|amazon.com,"Amazon Brand – Rivet Andrews Contemporary Top-Grain Leather Chair, 40""W, Cognac",OTTOMAN,Cognac,leather,1,"Dark leather/upholstered chair has similar material and upper form, but lacks an office swivel base and casters."
q014,image,,data/raw/images/small/11/11b87755.jpg,B084W339RK|amazon.com,"Amazon Brand – Stone & Beam Vivianne Modern Upholstered Dining Chair with Casters, 24.4""W, Slate",CHAIR,Slate,,0,Dining seating is not similar to the executive office chair.
q014,image,,data/raw/images/small/11/11b87755.jpg,B07HMPPZRN|amazon.com,"AmazonBasics Foldable Rocking Chair, Black",CHAIR,Black,Steel,0,This chair type and silhouette are not sufficiently similar.
q014,image,,data/raw/images/small/11/11b87755.jpg,B07T4BMN8Z|amazon.co.uk,AmazonBasics Memory Foam Lumbar Support Pillow - Black,BODY_POSITIONER,Black,,0,"This is a chair accessory, not a complete executive chair."
q014,image,,data/raw/images/small/11/11b87755.jpg,B0854SBWPQ|amazon.com,"Amazon Brand - Rivet Coen Contemporary Modern Upholstered Accent Swivel Chair, 30""W, Sunday Maize",CHAIR,Maize,Wood,0,This chair type and silhouette are not sufficiently similar.
q014,image,,data/raw/images/small/11/11b87755.jpg,B07TTHJJKQ|amazon.com,"Amazon Brand – Rivet Malida Mid-Century Modern Faux Leather Open Back Swivel Kitchen Bar Stool, 41""H, Grey",STOOL_SEATING,Grey,,0,Stool/bar seating is not similar to the high-back executive chair.
q014,image,,data/raw/images/small/11/11b87755.jpg,B07HSKXDRL|amazon.com,"Amazon Brand – Rivet Decatur Modern Kitchen Counter-Height Stool, 37""H, Chalk",STOOL_SEATING,Chalk,,0,Stool/bar seating is not similar to the high-back executive chair.
q014,image,,data/raw/images/small/11/11b87755.jpg,B075YN3HCD|amazon.com,"Amazon Brand – Stone & Beam Carson Tufted Leather Kitchen Counter Bar Stool, 45""H, Brown",STOOL_SEATING,Brown Leather,elastic / Leather,0,Stool/bar seating is not similar to the high-back executive chair.
q014,image,,data/raw/images/small/11/11b87755.jpg,B07CSX7N4X|amazon.com,"Rivet Aged Black Swatch, Rivet",HOME_FURNITURE_AND_DECOR,Aged Black,,0,"This is only a black material swatch, not a chair."
q015,image,,data/raw/images/small/43/4334330e.jpg,B07PRLMQFV|amazon.ca,"AmazonBasics Stand-up Round Paper Towel Holder - 13 Inch, Chrome",PAPER_TOWEL_HOLDER,Chrome,,0,"This is a PAPER_TOWEL_HOLDER, not a floor lamp similar to the query."
q015,image,,data/raw/images/small/43/4334330e.jpg,B07DBCMTPB|amazon.com,"Amazon Brand – Ravenna Home Clear Ribbed Glass Cylinder Living Room Floor Lamp with LED Bulb - 64.25 Inches, Brushed Nickel",LAMP,Brushed Nickel,,1,"It is a full-height floor lamp, but its shade, color, and structure differ from the minimalist white torchiere."
q015,image,,data/raw/images/small/43/4334330e.jpg,B07B4SCBPS|amazon.in,"Rivet Mid-Century Modern Task Lamp, 21""H, with Bulb, Matte White",LAMP,Matte White,Metal,0,This is a table/desk lamp rather than a tall floor lamp.
q015,image,,data/raw/images/small/43/4334330e.jpg,B07PM7MNY3|amazon.ca,"AmazonBasics Stand-up Button Paper Towel Holder - 13 Inch, Chrome",PAPER_TOWEL_HOLDER,Chrome,,0,"This is a PAPER_TOWEL_HOLDER, not a floor lamp similar to the query."
q015,image,,data/raw/images/small/43/4334330e.jpg,B0742DNY41|amazon.sg,"Rivet Marble and Brass Floor Lamp, Avery, 63""H, With Bulb",LAMP,Antique Brass,Metal+Marble,1,"It is a full-height floor lamp, but its shade, color, and structure differ from the minimalist white torchiere."
q015,image,,data/raw/images/small/43/4334330e.jpg,B07QD5SXJH|amazon.in,"Rivet Modern Arc Floor Lamp with Bulb and Fabric Shade, 69""H, Antique Brass",LAMP,Brass,Fabric,1,"It is a full-height floor lamp, but its shade, color, and structure differ from the minimalist white torchiere."
q015,image,,data/raw/images/small/43/4334330e.jpg,B0825D87LB|amazon.com,"Amazon Brand – Stone & Beam Contemporary Glass Table Lamp with Narrow-Necked Body, LED Bulb Included, 20.25""H, Clear",LAMP,Clear,Glass,0,This is a table/desk lamp rather than a tall floor lamp.
q015,image,,data/raw/images/small/43/4334330e.jpg,B075X2YJHZ|amazon.com,"Amazon Brand – Stone & Beam Vintage Industrial Spotlight Tripod Floor Lamp With LED Light Bulb - 25.5 x 25.5 x 60 Inches, Black",LAMP,Black,Metal,1,"It is a full-height floor lamp, but its shade, color, and structure differ from the minimalist white torchiere."
q015,image,,data/raw/images/small/43/4334330e.jpg,B0824F3KVZ|amazon.com,"Amazon Brand – Ravenna Home Contemporary Metal Table Lamp with Acrylic Accents, LED Bulb Included, 19.5""H, White",LAMP,White,Metal,0,This is a table/desk lamp rather than a tall floor lamp.
q015,image,,data/raw/images/small/43/4334330e.jpg,B075X3S2Z6|amazon.ca,"Rivet Retro Two-Orb Tree Lamp with Bulbs, 65"" H, White and Brass",CONSUMER_ELECTRONICS,Brass/White,Metal+Glass,1,"It is a full-height floor lamp, but its shade, color, and structure differ from the minimalist white torchiere."
q015,image,,data/raw/images/small/43/4334330e.jpg,B0825CXG8H|amazon.com,"Amazon Brand – Rivet Mid-Century Modern Metal Starburst Table Lamp, LED Bulb Included, 24.5""H, Antique Gold",LAMP,Antique Gold,Metal,0,This is a table/desk lamp rather than a tall floor lamp.
q015,image,,data/raw/images/small/43/4334330e.jpg,B07MBFDHMH|amazon.com,"Amazon Brand – Stone & Beam Table Lamp with Textured Ceramic Base, Bulb Included, 15""H, Crackle White",LAMP,Crackle White,ceramic,0,This is a table/desk lamp rather than a tall floor lamp.
q015,image,,data/raw/images/small/43/4334330e.jpg,B07Y1QDTWC|amazon.sg,AmazonBasics 90W Equivalent PAR38 LED Light Bulb,HOME_LIGHTING_AND_LAMPS,,,0,"This is a HOME_LIGHTING_AND_LAMPS, not a floor lamp similar to the query."
q015,image,,data/raw/images/small/43/4334330e.jpg,B084CCFR19|amazon.in,"AmazonCommercial 150 Watt Equivalent, 25000 Hours, Dimmable, 2550 Lumens, Energy Star Certified, High Output A23 LED Light Bulb - Pack of 1, Soft White",HOME_LIGHTING_AND_LAMPS,,,0,"This is a HOME_LIGHTING_AND_LAMPS, not a floor lamp similar to the query."
q015,image,,data/raw/images/small/43/4334330e.jpg,B07TC8J93D|amazon.co.uk,"AmazonBasics 12W LED Ceiling Lamp, Round, Ø280 mm, 2700 K",HOME_LIGHTING_AND_LAMPS,Soft White,,0,"This is a HOME_LIGHTING_AND_LAMPS, not a floor lamp similar to the query."
q015,image,,data/raw/images/small/43/4334330e.jpg,B0825DN9JL|amazon.com,"Amazon Brand – Stone & Beam Contemporary Curved Glass Table Lamp, LED Bulb Included, 19.25""H, Clear",LAMP,Clear,Glass,0,This is a table/desk lamp rather than a tall floor lamp.
q015,image,,data/raw/images/small/43/4334330e.jpg,B0824F7ZLF|amazon.com,"Amazon Brand – Ravenna Home Traditional Metal Downbridge Floor Lamp with Adjustable Shade, LED Bulb Included, 58.25""H, Dark Bronze",LAMP,Dark Bronze,Metal,1,"It is a full-height floor lamp, but its shade, color, and structure differ from the minimalist white torchiere."
q015,image,,data/raw/images/small/43/4334330e.jpg,B07B4ZK8BR|amazon.com,"Amazon Brand – Rivet Mid-Century Modern Floor Lamp with Wireless USB Port Charging Wood Table, 59""H, Light Bulb Included, Black",LAMP,Black,Linen,1,"It is a full-height floor lamp, but its shade, color, and structure differ from the minimalist white torchiere."
q015,image,,data/raw/images/small/43/4334330e.jpg,B075HWDTMM|amazon.com,"Amazon Brand – Rivet Modern Angled Stoneware Home Decor Flower Vase - 12 Inch, White",VASE,,,0,"This is a VASE, not a floor lamp similar to the query."
q015,image,,data/raw/images/small/43/4334330e.jpg,B07HKGL3J8|amazon.com,"Amazon Brand – Stone & Beam Modern Remote Control Flush Mount Ceiling Fan With Integrated LED Light - 52 x 52 x 11.54 Inches, White",ELECTRIC_FAN,White,,0,"This is a ELECTRIC_FAN, not a floor lamp similar to the query."
q016,image_text,"similar style, but in black and not for dining",data/raw/images/small/3e/3ed459ef.jpg,B087X5M5LJ|amazon.com,AmazonCommercial Barista Espresso Machine with Grinder,COFFEE_MAKER,"Black, stainless steel",,0,"This is a COFFEE_MAKER, not an umbrella similar to the query image."
q016,image_text,"similar style, but in black and not for dining",data/raw/images/small/3e/3ed459ef.jpg,B07SVJB925|amazon.co.uk,"AmazonBasics 3 Gallon Commercial Waste Basket, Black, 4-Pack (Renewed)",TRASH_CAN,Black,Plastic,0,"This is a TRASH_CAN, not an umbrella similar to the query image."
q016,image_text,"similar style, but in black and not for dining",data/raw/images/small/3e/3ed459ef.jpg,B07SGQ2W3J|amazon.co.uk,"AmazonBasics 10 Gallon Commercial Waste Basket, Black, 4-Pack (Renewed)",TRASH_CAN,Black,Plastic,0,"This is a TRASH_CAN, not an umbrella similar to the query image."
q016,image_text,"similar style, but in black and not for dining",data/raw/images/small/3e/3ed459ef.jpg,B07M5M66HT|amazon.com,"AmazonBasics Lattice Cage Finial with 1"" Double Curtain Rod - 36-72"", Black",HOME_BED_AND_BATH,Black,,0,"This is a HOME_BED_AND_BATH, not an umbrella similar to the query image."
q016,image_text,"similar style, but in black and not for dining",data/raw/images/small/3e/3ed459ef.jpg,B0822Q3VZT|amazon.in,"Amazonbasics Plastic Storage Clipboard,Black, 2-Pack",OFFICE_PRODUCTS,,,0,"This is a OFFICE_PRODUCTS, not an umbrella similar to the query image."
q016,image_text,"similar style, but in black and not for dining",data/raw/images/small/3e/3ed459ef.jpg,B07Y5XQ2LS|amazon.in,"AmazonBasics Heavy-Weight Plastic Cutlery Set, Black 1440-Pack (720 forks, 480 spoons, 240 knives)",FLATWARE,black,Plastic,0,"This is dining/serving ware, directly conflicting with the not-for-dining instruction."
q016,image_text,"similar style, but in black and not for dining",data/raw/images/small/3e/3ed459ef.jpg,B078JJFPQS|amazon.co.uk,"Amazon Brand - Rivet Modern Set of 4 Marble Coasters, 4"" H, Black and White",DRINK_COASTER,,,0,"This is a DRINK_COASTER, not an umbrella similar to the query image."
q016,image_text,"similar style, but in black and not for dining",data/raw/images/small/3e/3ed459ef.jpg,B07Y613GT3|amazon.co.uk,"AmazonBasics Heavy-Weight Plastic Spoons, Black, 500-Pack",FOOD_SERVICE_SUPPLY,black,Plastic,0,"This is dining/serving ware, directly conflicting with the not-for-dining instruction."
q016,image_text,"similar style, but in black and not for dining",data/raw/images/small/3e/3ed459ef.jpg,B07YZT1DGN|amazon.com,"AmazonBasics Outdoor Market Patio Steel Umbrella - 9 Foot, Taupe Brown",UMBRELLA,Taupe Brown,polyester,1,"It is a similar outdoor patio umbrella, but the Taupe Brown color is not black."
q016,image_text,"similar style, but in black and not for dining",data/raw/images/small/3e/3ed459ef.jpg,B07Y613GT7|amazon.co.uk,"AmazonBasics Heavy-Weight Plastic Spoons, Black, 250-Pack",FOOD_SERVICE_SUPPLY,black,,0,"This is dining/serving ware, directly conflicting with the not-for-dining instruction."
q016,image_text,"similar style, but in black and not for dining",data/raw/images/small/3e/3ed459ef.jpg,B008U4QI18|amazon.com,Strathwood Rhodes Market Umbrella,OUTDOOR_LIVING,Black,Aluminum,1,"It is a similar outdoor patio umbrella, but the Black color is not black."
q016,image_text,"similar style, but in black and not for dining",data/raw/images/small/3e/3ed459ef.jpg,B07BK4P5PX|amazon.co.uk,"AmazonBasics Outdoor Patio Umbrella, 2.74 Meters, Striped Dark Blue and White",UMBRELLA,Striped Dark Blue/White,Polyester,1,"It is a similar outdoor patio umbrella, but the Striped Dark Blue/White color is not black."
q016,image_text,"similar style, but in black and not for dining",data/raw/images/small/3e/3ed459ef.jpg,B07GF8JTHD|amazon.in,"Amazon Brand - Solimo 15 Cavity Silicone Ice Tray, Black",FOOD_PREPARATION_MOLD,Black,Silicone,0,"This is a FOOD_PREPARATION_MOLD, not an umbrella similar to the query image."
q016,image_text,"similar style, but in black and not for dining",data/raw/images/small/3e/3ed459ef.jpg,B07YZV1Z5M|amazon.com,"AmazonBasics Outdoor Market Patio Steel Umbrella - 9 Foot, White",UMBRELLA,White,polyester,1,"It is a similar outdoor patio umbrella, but the White color is not black."
q016,image_text,"similar style, but in black and not for dining",data/raw/images/small/3e/3ed459ef.jpg,B07XZK5XB9|amazon.ca,"AmazonBasics Adjustable Patio Hanging Umbrella with Cantilever and Steel Frame - 10 Foot, Taupe Brown",UMBRELLA,Taupe Brown,,1,"It is a similar outdoor patio umbrella, but the Taupe Brown color is not black."
q016,image_text,"similar style, but in black and not for dining",data/raw/images/small/3e/3ed459ef.jpg,B00GBVDYRS|amazon.com,Strathwood Whidbey Cast-Aluminum 8 ft. Market Umbrella,OUTDOOR_LIVING,,polyester,1,"It is a similar outdoor patio umbrella, but the unspecified color color is not black."
q016,image_text,"similar style, but in black and not for dining",data/raw/images/small/3e/3ed459ef.jpg,B07YG8QZ45|amazon.com.au,"AmazonBasics Oversize Outdoor Market Patio Umbrella with Base - 15 x 6.9 Feet, Burgundy Red",UMBRELLA,Burgundy Red,,1,"It is a similar outdoor patio umbrella, but the Burgundy Red color is not black."
q016,image_text,"similar style, but in black and not for dining",data/raw/images/small/3e/3ed459ef.jpg,B000KBLN96|amazon.com,"Strathwood 6-Foot Olefin Market Umbrella, Hunter",OUTDOOR_LIVING,Hunter,,1,"It is a similar outdoor patio umbrella, but the Hunter color is not black."
q016,image_text,"similar style, but in black and not for dining",data/raw/images/small/3e/3ed459ef.jpg,B07GDKJVTN|amazon.in,"Amazon Brand - Solimo Oblique Silicone Ice Mould, Black",FOOD_PREPARATION_MOLD,Black,Silicone,0,"This is a FOOD_PREPARATION_MOLD, not an umbrella similar to the query image."
q016,image_text,"similar style, but in black and not for dining",data/raw/images/small/3e/3ed459ef.jpg,B07RKKNX2G|amazon.com,"AmazonBasics Multi-Speed Stand Mixer with Attachments, Black",FOOD_MIXER,Black,Stainless Steel,0,"This is a FOOD_MIXER, not an umbrella similar to the query image."
q017,image_text,"same shape but wooden, not metal",data/raw/images/small/63/63b92106.jpg,B08DWM1GZK|amazon.com,"AmazonBasics 55"" L-Shape Office Corner Desk - Natural",DESK,Natural,Engineered Wood,0,"This is a DESK, not a wooden chair with the same wingback-style shape."
q017,image_text,"same shape but wooden, not metal",data/raw/images/small/63/63b92106.jpg,B08DWMY83P|amazon.com,"AmazonBasics 55"" L-Shape Office Corner Desk - Black",DESK,Black,Engineered Wood,0,"This is a DESK, not a wooden chair with the same wingback-style shape."
q017,image_text,"same shape but wooden, not metal",data/raw/images/small/63/63b92106.jpg,B086NG3DNM|amazon.com,"AmazonBasics Faux-Linen Button Tufted-Upholstered Bed with Curve Design - Strong Wood Slat Support - Easy Assembly - Beige, Twin",BED,Beige,Fabric,0,"This is a BED, not a wooden chair with the same wingback-style shape."
q017,image_text,"same shape but wooden, not metal",data/raw/images/small/63/63b92106.jpg,B085693MWK|amazon.com,"Amazon Brand – Rivet Decatur Modern Faux Leather Kitchen Bar Stool, 41""H, Tan Brown",STOOL_SEATING,Tan Brown,,0,Metal-framed stool violates the not-metal instruction and does not match the armchair shape.
q017,image_text,"same shape but wooden, not metal",data/raw/images/small/63/63b92106.jpg,B08568HG2X|amazon.com,"Amazon Brand – Rivet Decatur Modern Faux Leather Kitchen Counter-Height Stool, 37""H, Black",STOOL_SEATING,Black,,0,Metal-framed stool violates the not-metal instruction and does not match the armchair shape.
q017,image_text,"same shape but wooden, not metal",data/raw/images/small/63/63b92106.jpg,B075X4VM6B|amazon.com,"Amazon Brand – Rivet Uptown Mid-Century Velvet Tufted Customizable Daybed Sofa, 78""W, Shadow & Black",SOFA,Shadow,Solid wood frame; Velvet upholstery; Metal,0,"This is a SOFA, not a wooden chair with the same wingback-style shape."
q017,image_text,"same shape but wooden, not metal",data/raw/images/small/63/63b92106.jpg,B07B4MF6YH|amazon.com,"Amazon Brand – Stone & Beam Andover Modern Rectangle Ottoman, 32""W, Tan",OTTOMAN,Tan,,0,"This is a OTTOMAN, not a wooden chair with the same wingback-style shape."
q017,image_text,"same shape but wooden, not metal",data/raw/images/small/63/63b92106.jpg,B07HSKXDRL|amazon.com,"Amazon Brand – Rivet Decatur Modern Kitchen Counter-Height Stool, 37""H, Chalk",STOOL_SEATING,Chalk,,0,Metal-framed stool violates the not-metal instruction and does not match the armchair shape.
q017,image_text,"same shape but wooden, not metal",data/raw/images/small/63/63b92106.jpg,B07B4MS6SN|amazon.com,"Amazon Brand – Stone & Beam Andover Modern Square Ottoman, 33""W, Grey",OTTOMAN,Grey,,0,"This is a OTTOMAN, not a wooden chair with the same wingback-style shape."
q017,image_text,"same shape but wooden, not metal",data/raw/images/small/63/63b92106.jpg,B07B4GSKS1|amazon.com,"Amazon Brand – Stone & Beam Andover Modern Square Ottoman, 33""W, Cream",OTTOMAN,Cream,,0,"This is a OTTOMAN, not a wooden chair with the same wingback-style shape."
q017,image_text,"same shape but wooden, not metal",data/raw/images/small/63/63b92106.jpg,B07B4MS6TR|amazon.com,"Amazon Brand – Stone & Beam Andover Modern Square Ottoman, 33""W, Linen",OTTOMAN,Linen,,0,"This is a OTTOMAN, not a wooden chair with the same wingback-style shape."
q017,image_text,"same shape but wooden, not metal",data/raw/images/small/63/63b92106.jpg,B07HSDWZ2L|amazon.com,"Amazon Brand – Stone & Beam Wickstrom Upholstered Counter-Height Bar Stool with Arms, 37""H, Caribbean Sand Beige",STOOL_SEATING,Caribean Sand Beige,stone,1,"Wood-framed upholstered chair is relevant, but its bar/dining/low-back proportions are less similar to the wingback shape."
q017,image_text,"same shape but wooden, not metal",data/raw/images/small/63/63b92106.jpg,B075X4JJX4|amazon.com,"Amazon Brand – Stone & Beam Westport Modern Nailhead Upholstered Loveseat Sofa Couch, 61.5""W, Neutral",SOFA,Neutral,stone,0,"This is a SOFA, not a wooden chair with the same wingback-style shape."
q017,image_text,"same shape but wooden, not metal",data/raw/images/small/63/63b92106.jpg,B072PZJZXW|amazon.com,"Amazon Brand – Rivet Emerly Modern Loveseat Sofa, 63""W, Pewter",SOFA,Pewter,"Velvet, Hardwood frame, Metal legs",0,"This is a SOFA, not a wooden chair with the same wingback-style shape."
q017,image_text,"same shape but wooden, not metal",data/raw/images/small/63/63b92106.jpg,B0792JGRNS|amazon.ca,Rivet Parks Mid-Century Modern Wingback Leather Chair,HOME_FURNITURE_AND_DECOR,,,2,Wood-legged upholstered wingback/accent chair closely matches the query shape without a visible metal frame.
q017,image_text,"same shape but wooden, not metal",data/raw/images/small/63/63b92106.jpg,B07HSKB7B4|amazon.com,"Amazon Brand – Stone & Beam Wickstrom Upholstered Dining Chair with Arms, 26""W, Slate Grey",STOOL_SEATING,Slate Gray,,1,"Wood-framed upholstered chair is relevant, but its bar/dining/low-back proportions are less similar to the wingback shape."
q017,image_text,"same shape but wooden, not metal",data/raw/images/small/63/63b92106.jpg,B07DBF3V6X|amazon.com,"Amazon Brand – Ravenna Home Semple Button Tufted Nailhead Trim Accent Chair, 33""W, Linen",CHAIR,Linen,Linen,2,Wood-legged upholstered wingback/accent chair closely matches the query shape without a visible metal frame.
q017,image_text,"same shape but wooden, not metal",data/raw/images/small/63/63b92106.jpg,B075X5TN2K|amazon.com,"Amazon Brand – Stone & Beam Marin Studded Chair, 33""W, Tan",HOME_FURNITURE_AND_DECOR,Tan,stone,1,"Wood-framed upholstered chair is relevant, but its bar/dining/low-back proportions are less similar to the wingback shape."
q017,image_text,"same shape but wooden, not metal",data/raw/images/small/63/63b92106.jpg,B075X4YDCR|amazon.com,"Amazon Brand – Stone & Beam St. Cloud Modern Armless Accent Chair, 32""W, Bear",CHAIR,Bear,stone,2,Wood-legged upholstered wingback/accent chair closely matches the query shape without a visible metal frame.
q017,image_text,"same shape but wooden, not metal",data/raw/images/small/63/63b92106.jpg,B072C8PZ2J|amazon.com,"Amazon Brand – Stone & Beam Bryant Modern Slipcover Accent Chair, 42""W, Storm Grey",FURNITURE_COVER,Storm Grey,"Hardwood Frame Covered In Blend Of Cotton, Linen, Viscose, Polyester",1,"Wood-framed upholstered chair is relevant, but its bar/dining/low-back proportions are less similar to the wingback shape."
q018,image_text,"larger size of a similar item, not a small one",data/raw/images/small/a6/a65e6e2c.jpg,B07KZW31RX|amazon.co.uk,Eono by Amazon - Bra Laundry Bags - 4 Pack Mesh wash Bags Washing Machine Bag for Intimates Lingerie and Delicates with Premium Zipper,STORAGE_BAG,Bra Wash Bag 4 Pcs,PP,0,"This is a STORAGE_BAG, not a larger similar chair."
q018,image_text,"larger size of a similar item, not a small one",data/raw/images/small/a6/a65e6e2c.jpg,B07VB44R5D|amazon.in,"Amazon Brand - Solimo 4 Piece Storage Basket Set, Brown",BASKET,Brown,Plastic,0,"This is a BASKET, not a larger similar chair."
q018,image_text,"larger size of a similar item, not a small one",data/raw/images/small/a6/a65e6e2c.jpg,B07QNWT95K|amazon.in,"Amazon Brand - Solimo 2 Piece Toiletry Bag, Black and Cream",COSMETIC_CASE,Multi,Canvas,0,"This is a COSMETIC_CASE, not a larger similar chair."
q018,image_text,"larger size of a similar item, not a small one",data/raw/images/small/a6/a65e6e2c.jpg,B07L3MKY1W|amazon.in,"(Renewed) Amazon Brand - Solimo Square-Shaped Nesting Wall Shelf, Set of 3 (Matte Finish, Wenge)",FURNITURE,Wenge,MDF,0,"This is a FURNITURE, not a larger similar chair."
q018,image_text,"larger size of a similar item, not a small one",data/raw/images/small/a6/a65e6e2c.jpg,B07HSK2H7M|amazon.com,"Amazon Brand – Rivet Modern Cylinder Stoneware Watering Can Vase Set - Pack of 2, Multicolor",VASE,,stoneware,0,"This is a VASE, not a larger similar chair."
q018,image_text,"larger size of a similar item, not a small one",data/raw/images/small/a6/a65e6e2c.jpg,B07K23YLR8|amazon.co.uk,"UMI. by Amazon Dresser Drawer Organiser, Set of 6 Closet Underwear Organisers Drawer Dividers Folding Storage Bins Box Containers for Bras Socks Ties Scarves, Grey/White Zigzag",CAN_OPENER,Grey,fabric,0,"This is a CAN_OPENER, not a larger similar chair."
q018,image_text,"larger size of a similar item, not a small one",data/raw/images/small/a6/a65e6e2c.jpg,B07VD8MWGC|amazon.in,"Amazon Brand - Solimo 4 Piece Storage Basket Set, Beige",BASKET,Biege,Plastic,0,"This is a BASKET, not a larger similar chair."
q018,image_text,"larger size of a similar item, not a small one",data/raw/images/small/a6/a65e6e2c.jpg,B07VD8LZ3H|amazon.in,"Amazon Brand - Solimo 6 Piece Storage Basket Set, Brown",BASKET,Brown,Plastic,0,"This is a BASKET, not a larger similar chair."
q018,image_text,"larger size of a similar item, not a small one",data/raw/images/small/a6/a65e6e2c.jpg,B0896G6LPJ|amazon.in,Camping Chair,FURNITURE,Blue,Metal,0,This compact camping chair is explicitly the small alternative the query rejects.
q018,image_text,"larger size of a similar item, not a small one",data/raw/images/small/a6/a65e6e2c.jpg,B07HMPPZRN|amazon.com,"AmazonBasics Foldable Rocking Chair, Black",CHAIR,Black,Steel,1,"Full-size foldable rocking chair is related, but it is not clearly larger and differs from the zero-gravity recliner."
q018,image_text,"larger size of a similar item, not a small one",data/raw/images/small/a6/a65e6e2c.jpg,B07SXC4H2M|amazon.ca,AmazonBasics Foldable Rocking Chair with Canopy - Beige (Renewed),CHAIR,Beige,Alloy Steel,2,"Full-size foldable rocking/reclining chair with canopy is a larger, closely related outdoor seating option."
q018,image_text,"larger size of a similar item, not a small one",data/raw/images/small/a6/a65e6e2c.jpg,B07VB46B69|amazon.in,"Amazon Brand - Solimo 6 Piece Storage Basket Set, Blue",BASKET,Blue,Plastic,0,"This is a BASKET, not a larger similar chair."
q018,image_text,"larger size of a similar item, not a small one",data/raw/images/small/a6/a65e6e2c.jpg,B07CYT5K6P|amazon.com.au,"AmazonBasics Patio Highback Chair Cover, Grey",FURNITURE_COVER,Grey,,0,"This is only a chair cover, not a larger chair."
q018,image_text,"larger size of a similar item, not a small one",data/raw/images/small/a6/a65e6e2c.jpg,B07Y2D8SF7|amazon.in,AmazonBasics Adjustable Bed Base with No Massage - Full,BED_FRAME,black,,0,"This is a BED_FRAME, not a larger similar chair."
q018,image_text,"larger size of a similar item, not a small one",data/raw/images/small/a6/a65e6e2c.jpg,B07K4QWL7F|amazon.in,AmazonBasics Outdoor PE Wicker Rattan Hanging Chair with Stand,OUTDOOR_LIVING,Beige,Rattan,1,"It is a large seating product, but the hanging-chair form is not visually similar to the reclining chair."
q018,image_text,"larger size of a similar item, not a small one",data/raw/images/small/a6/a65e6e2c.jpg,B081HWKWN6|amazon.co.uk,"UMI. by Amazon - Ergonomic office chair, Swivelling Mesh Computer Chair with Adjustable Lumbar Support and PU Armrests, Breathable Mesh Back and Padded Seat, 150 kg Max Load",ACCESSORY_OR_PART_OR_SUPPLY,Black,Alloy Steel,0,Office seating is not visually similar to the outdoor reclining chair.
q018,image_text,"larger size of a similar item, not a small one",data/raw/images/small/a6/a65e6e2c.jpg,B081HX9SRM|amazon.co.uk,"UMI. by Amazon - Ergonomic office chair, Breathable High-Back Mesh Desk Chair with Adjustable Lumbar Support, 3D Armrests, Tilt Function and 360° Rotating Wheels",ACCESSORY_OR_PART_OR_SUPPLY,Black,Alloy Steel,0,Office seating is not visually similar to the outdoor reclining chair.
q018,image_text,"larger size of a similar item, not a small one",data/raw/images/small/a6/a65e6e2c.jpg,B07X3ZD49J|amazon.co.uk,"UMI. by Amazon Dresser Drawer Organiser, Set of 6 Closet Underwear Organisers Drawer Dividers Folding Storage Bins Box Containers for Bras Socks Ties Scarves, Grey Twig Stripes",STORAGE_BOX,Grey Twig Stripes,,0,"This is a STORAGE_BOX, not a larger similar chair."
q018,image_text,"larger size of a similar item, not a small one",data/raw/images/small/a6/a65e6e2c.jpg,B07ZMXNFDL|amazon.in,"AmazonBasics Vacuum Compression Storage Bags with Hand Pump - 12-Pack (3 Jumbo, 3 Large, 3 Medium, 3 Small) (Renewed)",STORAGE_BAG,,,0,"This is a STORAGE_BAG, not a larger similar chair."
q018,image_text,"larger size of a similar item, not a small one",data/raw/images/small/a6/a65e6e2c.jpg,B07L3TSF4Q|amazon.in,"(Renewed) Amazon Brand - Solimo U-Shaped Floating Wall Shelf, Set of 3 (Matte Finish, Walnut)",FURNITURE,Walnut,MDF,0,"This is a FURNITURE, not a larger similar chair."
q019,image_text,"similar visual but for a kitchen, not a bedroom",data/raw/images/small/97/97628e73.jpg,B086213X6K|amazon.co.uk,UMI. by Amazon Large Square Skeleton Wall clock 25 inches with Roman Numerals Big Oversized Kitchen Wall Clocks for Home Living Room,CLOCK,"Square 25""",,0,"This is a CLOCK, not kitchen food-storage containers similar to the query."
q019,image_text,"similar visual but for a kitchen, not a bedroom",data/raw/images/small/97/97628e73.jpg,B07W4FDTH7|amazon.co.uk,"UMI. Essentials Rustic Floating Shelf Metal Wire Wall Mounted Storage Shelves for Living Room Kitchen Office, 3 Pack",SHELF,,,0,"This is a SHELF, not kitchen food-storage containers similar to the query."
q019,image_text,"similar visual but for a kitchen, not a bedroom",data/raw/images/small/97/97628e73.jpg,B07TX2D4XN|amazon.co.uk,"Amazon Brand - Movian MDF Shelf 2 lockers Cube Bookcase, Light Oak, 41.5 x 29 x 59.5 cm",SHELF,Light Brown,Wood,0,"This is a SHELF, not kitchen food-storage containers similar to the query."
q019,image_text,"similar visual but for a kitchen, not a bedroom",data/raw/images/small/97/97628e73.jpg,B07V152DQ8|amazon.co.uk,"Amazon Brand - Movian 1 locker MDF Shelf Cube Bookcase, Brown, 41.5 x 29 x 30.5 cm",CABINET,Brown,Wood,0,"This is a CABINET, not kitchen food-storage containers similar to the query."
q019,image_text,"similar visual but for a kitchen, not a bedroom",data/raw/images/small/97/97628e73.jpg,B07DFCZ6LH|amazon.co.uk,"UMI foldable cube sequin bin (Red, Set of 1)",HOME,Red,,0,"This is bedroom/general storage furniture or a fabric bin, conflicting with the not-bedroom instruction."
q019,image_text,"similar visual but for a kitchen, not a bedroom",data/raw/images/small/97/97628e73.jpg,B07DD45PSL|amazon.co.uk,"AmazonBasics Aluminium Venetian Blind, 50 x 130 cm - Cream",AIR_PURIFIER,Cream,Aluminum,0,"This is a AIR_PURIFIER, not kitchen food-storage containers similar to the query."
q019,image_text,"similar visual but for a kitchen, not a bedroom",data/raw/images/small/97/97628e73.jpg,B07WDGZ25V|amazon.co.uk,"Stone & Beam Rustic Acorn Shaped Stoneware Box, 4.25"" H, White and Clay (Renewed)",STORAGE_BOX,White and Clay,Stoneware,1,"A lidded kitchen storage container is relevant, but it is a single opaque vessel rather than a similar colorful set."
q019,image_text,"similar visual but for a kitchen, not a bedroom",data/raw/images/small/97/97628e73.jpg,B07YTP7FL6|amazon.co.uk,UMI. Essentials Paravent 4 Teilig Raumteiler 170 x 220 cm Trennwand (Weiß),ROOM_DIVIDER,,,0,"This is a ROOM_DIVIDER, not kitchen food-storage containers similar to the query."
q019,image_text,"similar visual but for a kitchen, not a bedroom",data/raw/images/small/97/97628e73.jpg,B082MLBYMV|amazon.in,"(Renewed) Amazon Brand - Solimo Plastic Kitchen Storage Container Set, 750ml, 8-Pieces, Transparent",JAR,Red,Plastic,2,Kitchen food-storage container set closely matches the small lidded-container visual and the requested kitchen use.
q019,image_text,"similar visual but for a kitchen, not a bedroom",data/raw/images/small/97/97628e73.jpg,B0852ZYV7H|amazon.in,"(Renewed) Amazon Brand - Solimo Plastic Kitchen Storage Container Set, 1 Litre, 6-Pieces, Blue",JAR,Blue,Plastic,2,Kitchen food-storage container set closely matches the small lidded-container visual and the requested kitchen use.
q019,image_text,"similar visual but for a kitchen, not a bedroom",data/raw/images/small/97/97628e73.jpg,B07XGN4JQT|amazon.in,"(Renewed) Amazon Brand - Solimo Storage Container Set, 8-Pieces, Blue",JAR,Blue,Plastic,2,Kitchen food-storage container set closely matches the small lidded-container visual and the requested kitchen use.
q019,image_text,"similar visual but for a kitchen, not a bedroom",data/raw/images/small/97/97628e73.jpg,B07Q1S1ZV2|amazon.co.uk,"Ameriwood Home Classic 6 Drawer Dresser, White",DRESSER,White,Engineered Wood,0,"This is bedroom/general storage furniture or a fabric bin, conflicting with the not-bedroom instruction."
q019,image_text,"similar visual but for a kitchen, not a bedroom",data/raw/images/small/97/97628e73.jpg,B07HKCJF3T|amazon.in,"Amazon Brand - Solimo Plastic Kitchen Storage Container Set, 7-Pieces, Transparent",JAR,Red,Plastic,2,Kitchen food-storage container set closely matches the small lidded-container visual and the requested kitchen use.
q019,image_text,"similar visual but for a kitchen, not a bedroom",data/raw/images/small/97/97628e73.jpg,B07Z7LXK3N|amazon.co.uk,UMI. Essentials Musical Guitar Wall Clock for Living Room Dining Room Home Office,CLOCK,,,0,"This is a CLOCK, not kitchen food-storage containers similar to the query."
q019,image_text,"similar visual but for a kitchen, not a bedroom",data/raw/images/small/97/97628e73.jpg,B07GLDNKMB|amazon.in,"Amazon Brand - Solimo Snack Container Set, Set of 4, Multicolor",JAR,Multicolor,Plastic,2,Kitchen food-storage container set closely matches the small lidded-container visual and the requested kitchen use.
q019,image_text,"similar visual but for a kitchen, not a bedroom",data/raw/images/small/97/97628e73.jpg,B07ZG5PW39|amazon.in,"(Renewed) Amazon Brand - Solimo Set of 3 Grocery Jar (450ml), Blue",JAR,Blue,Plastic,2,Kitchen food-storage container set closely matches the small lidded-container visual and the requested kitchen use.
q019,image_text,"similar visual but for a kitchen, not a bedroom",data/raw/images/small/97/97628e73.jpg,B07GLZXBGG|amazon.in,"Amazon Brand - Solimo Storage Container Set, 6.3 Litre, Set of 10, Multicolor",JAR,Multicolor,Plastic,2,Kitchen food-storage container set closely matches the small lidded-container visual and the requested kitchen use.
q019,image_text,"similar visual but for a kitchen, not a bedroom",data/raw/images/small/97/97628e73.jpg,B07G4QBDG6|amazon.in,"Amazon Brand - Solimo Plastic Kitchen Storage Container Set, 750ml, 8-Pieces, Blue",JAR,Blue,Plastic,2,Kitchen food-storage container set closely matches the small lidded-container visual and the requested kitchen use.
q019,image_text,"similar visual but for a kitchen, not a bedroom",data/raw/images/small/97/97628e73.jpg,B07GFRH5ZS|amazon.co.uk,"Amazon Brand - Movian Kolva Double Bed Frame, 144.5 x 194.5 x 31.7cm, Grey",BED_FRAME,Grey,Wood,0,"This is bedroom/general storage furniture or a fabric bin, conflicting with the not-bedroom instruction."
q019,image_text,"similar visual but for a kitchen, not a bedroom",data/raw/images/small/97/97628e73.jpg,B07GFFPKFV|amazon.co.uk,"Amazon Brand - Movian Inari Modern 2-Door 2-Drawer Wardrobe, 100 x 57 x 180 cm, White",CABINET,White,Wood,0,"This is bedroom/general storage furniture or a fabric bin, conflicting with the not-bedroom instruction."
q020,image_text,"darker color version of a similar product, not a light one",data/raw/images/small/8f/8f53d9db.jpg,B07HK68BFV|amazon.in,"AmazonBasics Stone and Beam Contemporary Round Woven Pendant, 12.75""H, Ob4",LIGHT_FIXTURE,Dark Brown,,0,"This is a LIGHT_FIXTURE, not a darker version of the query chair."
q020,image_text,"darker color version of a similar product, not a light one",data/raw/images/small/8f/8f53d9db.jpg,B07QJLBQBJ|amazon.com,"Amazon Brand – Stone & Beam Industrial Wall Sconce Light with Clear Glass Shade, 9.5""H, Dark Bronze",LIGHT_FIXTURE,Painted Bronze,,0,"This is a LIGHT_FIXTURE, not a darker version of the query chair."
q020,image_text,"darker color version of a similar product, not a light one",data/raw/images/small/8f/8f53d9db.jpg,B081FGSKG9|amazon.in,"Amazon Brand - Solimo Fabric Rectangular Storage Box, Small, Set of 1, Dark Grey",HOME,Dark Grey,Fabric,0,"This is a HOME, not a darker version of the query chair."
q020,image_text,"darker color version of a similar product, not a light one",data/raw/images/small/8f/8f53d9db.jpg,B0749TX8MM|amazon.co.uk,"AmazonBasics Double layer rollo blind, Dark Grey, 96 x 150 cm",WINDOW_SHADE,Dark Grey,Fabric,0,"This is a WINDOW_SHADE, not a darker version of the query chair."
q020,image_text,"darker color version of a similar product, not a light one",data/raw/images/small/8f/8f53d9db.jpg,B07VGQNXZY|amazon.co.uk,"Umi. Essentials Digital Alarm Clock - 1.2 Inch Digits Display, Snooze, Non Ticking, Battery Operated Only, Black",CLOCK,Black,,0,"This is a CLOCK, not a darker version of the query chair."
q020,image_text,"darker color version of a similar product, not a light one",data/raw/images/small/8f/8f53d9db.jpg,B07TZRJSQG|amazon.com,"Amazon Brand – Rivet Whit Contemporary Upholstered Counter Height Stool with Gold Accents, 37""H, Chalk",STOOL_SEATING,Chalk,,0,This light upholstered stool is both a different form and violates the not-light requirement.
q020,image_text,"darker color version of a similar product, not a light one",data/raw/images/small/8f/8f53d9db.jpg,B07QFRT4NR|amazon.com,"Amazon Brand – Stone & Beam Elden Leather Nailhead-Trim Kitchen Counter-Height Backless Stool, 26""H, Cognac",STOOL_SEATING,Light Brown Leather,,1,"The item is darker seating, but the backless stool shape is not similar to the dining chair."
q020,image_text,"darker color version of a similar product, not a light one",data/raw/images/small/8f/8f53d9db.jpg,B07K7729MV|amazon.co.uk,UMI by Amazon 4 PCS Stretch Jacquard Chair Protector Elastic Spandex Slipcovers Chair Covers Beige,FURNITURE_COVER,Beige,Fabric,0,"This is a chair cover rather than the chair itself, and it remains light colored."
q020,image_text,"darker color version of a similar product, not a light one",data/raw/images/small/8f/8f53d9db.jpg,B07HSBJ5D6|amazon.com,"Amazon Brand – Rivet Dunford Modern Kitchen Dining Chair, 33 Inch Height, Ivory",CHAIR,Ivory,Wood,0,"The chair is visually/category related but remains light cream/white, violating the requested darker/not-light modification."
q020,image_text,"darker color version of a similar product, not a light one",data/raw/images/small/8f/8f53d9db.jpg,B07CSTYZFY|amazon.com,"Stone & Beam Linen Swatch, Stone & Beam",CHAIR,Linen,,0,"This is a CHAIR, not a darker version of the query chair."
q020,image_text,"darker color version of a similar product, not a light one",data/raw/images/small/8f/8f53d9db.jpg,B07QD5RGPB|amazon.com,"Amazon Brand – Rivet Mid-Century Vanity Light, 10""H, Dark Bronze",LIGHT_FIXTURE,Dark Bronze,Metal,0,"This is a LIGHT_FIXTURE, not a darker version of the query chair."
q020,image_text,"darker color version of a similar product, not a light one",data/raw/images/small/8f/8f53d9db.jpg,B07QBQBXTD|amazon.com,"Amazon Brand – Stone & Beam Dining Chair with Deep Tufting, 42""H, Hemp",CHAIR,Hemp,Brass,0,"The chair is visually/category related but remains light cream/white, violating the requested darker/not-light modification."
q020,image_text,"darker color version of a similar product, not a light one",data/raw/images/small/8f/8f53d9db.jpg,B07MBFDQLY|amazon.com,"Amazon Brand – Ravenna Home Modern Dining Chair, 36 Inch Height, White, Set of 2",STOOL_SEATING,,,0,"The chair is visually/category related but remains light cream/white, violating the requested darker/not-light modification."
q020,image_text,"darker color version of a similar product, not a light one",data/raw/images/small/8f/8f53d9db.jpg,B07PCDH33Z|amazon.in,Amazon Brand - Solimo Gas Lighter,MECHANICAL_LIGHTER,Silver,Plastic,0,"This is a MECHANICAL_LIGHTER, not a darker version of the query chair."
q020,image_text,"darker color version of a similar product, not a light one",data/raw/images/small/8f/8f53d9db.jpg,B07B83KVGK|amazon.com,"Amazon Brand – Rivet Mid-Century Modern Wood Dining Chair, 30""H, Natural",CHAIR,Natural,Wood,1,"It is darker seating in a related dining/chair category, but its material and shape differ substantially from the query chair."
q020,image_text,"darker color version of a similar product, not a light one",data/raw/images/small/8f/8f53d9db.jpg,B075X5TN2K|amazon.com,"Amazon Brand – Stone & Beam Marin Studded Chair, 33""W, Tan",HOME_FURNITURE_AND_DECOR,Tan,stone,0,"The chair is visually/category related but remains light cream/white, violating the requested darker/not-light modification."
q020,image_text,"darker color version of a similar product, not a light one",data/raw/images/small/8f/8f53d9db.jpg,B084W339RK|amazon.com,"Amazon Brand – Stone & Beam Vivianne Modern Upholstered Dining Chair with Casters, 24.4""W, Slate",CHAIR,Slate,,1,"It is darker seating in a related dining/chair category, but its material and shape differ substantially from the query chair."
q020,image_text,"darker color version of a similar product, not a light one",data/raw/images/small/8f/8f53d9db.jpg,B07Q69D1KL|amazon.com,"AmazonBasics 25 feet of Black Patio Lights and Command Outdoor Light Clips, damage-free decorating, 20 Clips & 24 Strips",STRING_LIGHT,Black,,0,"This is a STRING_LIGHT, not a darker version of the query chair."
q020,image_text,"darker color version of a similar product, not a light one",data/raw/images/small/8f/8f53d9db.jpg,B0824F7ZLF|amazon.com,"Amazon Brand – Ravenna Home Traditional Metal Downbridge Floor Lamp with Adjustable Shade, LED Bulb Included, 58.25""H, Dark Bronze",LAMP,Dark Bronze,Metal,0,"This is a LAMP, not a darker version of the query chair."
q020,image_text,"darker color version of a similar product, not a light one",data/raw/images/small/8f/8f53d9db.jpg,B07TXD56K8|amazon.sg,"AmazonBasics 210 LED Indoor Outdoor Yellow Rope Light, 20-Foot",STRING_LIGHT,Yellow,Plastic,0,"This is a STRING_LIGHT, not a darker version of the query chair."
